단축코드,한글종목약명,상장일,총보수,과세유형,기초시장분류,기초자산분류,기초지수명,복제방법,운용사,aum_approx_krw,avg_daily_value_krw,sub_category,is_plain,is_hedged,year,year_end_date
148020,RISE 200,2011-10-20,0.017,비과세,국내,주식,코스피 200,실물(패시브),케이비자산운용,757094400000.0,15273415387.673388,국내주식_코스피,True,False,2015,2015-12-30
102110,TIGER 200,2008-04-03,0.05,비과세,국내,주식,코스피 200,실물(패시브),미래에셋자산운용,1716577800000.0,41423753068.82258,국내주식_코스피,True,False,2015,2015-12-30
157450,TIGER 단기통안채,2012-05-16,0.07,배당소득세(보유기간과세),국내,채권,KIS MSB 6M(총수익),실물(패시브),미래에셋자산운용,1108947300000.0,1018211045.1895162,무위험(현금성),True,False,2015,2015-12-30
232080,TIGER 코스닥150,2015-11-12,0.19,비과세,국내,주식,코스닥 150,실물(패시브),미래에셋자산운용,1102373380000.0,7072579021.8529415,국내주식_코스닥,True,False,2015,2015-12-30
143860,TIGER 헬스케어,2011-07-18,0.4,비과세,국내,주식,KRX 헬스케어,실물(패시브),미래에셋자산운용,114356240000.0,1096782420.403226,제외,True,False,2015,2015-12-30
102780,KODEX 삼성그룹,2008-05-21,0.25,비과세,국내,주식,삼성그룹,실물(패시브),삼성자산운용,609702000000.0,1430979880.907258,제외,True,False,2015,2015-12-30
229200,KODEX 코스닥150,2015-10-01,0.25,비과세,국내,주식,코스닥 150,실물(패시브),삼성자산운용,3266368000000.0,3123533752.3492064,국내주식_코스닥,True,False,2015,2015-12-30
226490,KODEX 코스피,2015-08-24,0.15,비과세,국내,주식,코스피,실물(패시브),삼성자산운용,239356800000.0,4643994995.089888,국내주식_코스피,True,False,2015,2015-12-30
069500,KODEX 200,2002-10-14,0.15,비과세,국내,주식,코스피 200,실물(패시브),삼성자산운용,4324487000000.0,165735689824.83066,국내주식_코스피,True,False,2015,2015-12-30
214980,KODEX 단기채권PLUS,2015-03-03,0.15,배당소득세(보유기간과세),국내,채권,KRW Cash PLUS 지수(총수익),실물(패시브),삼성자산운용,1719148872000.0,3373989228.08134,무위험(현금성),True,False,2015,2015-12-30
153130,KODEX 단기채권,2012-02-22,0.15,배당소득세(보유기간과세),국내,채권,KRW Cash 지수(총수익),실물(패시브),삼성자산운용,648849492000.0,2352307608.887097,무위험(현금성),True,False,2015,2015-12-30
069660,KIWOOM 200,2002-10-14,0.05,비과세,국내,주식,코스피 200,실물(패시브),키움투자자산운용,154291800000.0,1951709439.419355,국내주식_코스피,True,False,2015,2015-12-30
130730,KIWOOM 단기자금,2010-07-29,0.05,배당소득세(보유기간과세),국내,채권,MK 머니마켓 지수(총수익),실물(패시브),키움투자자산운용,122428485000.0,31089655152.971775,무위험(현금성),True,False,2015,2015-12-30
105190,ACE 200,2008-09-25,0.017,비과세,국내,주식,코스피 200,실물(패시브),한국투자신탁운용,312936750000.0,10315413619.100807,국내주식_코스피,True,False,2015,2015-12-30
152100,PLUS 200,2012-01-10,0.017,비과세,국내,주식,코스피 200,실물(패시브),한화자산운용,296286500000.0,3408429690.778226,국내주식_코스피,True,False,2015,2015-12-30
148020,RISE 200,2011-10-20,0.017,비과세,국내,주식,코스피 200,실물(패시브),케이비자산운용,833548800000.0,14878753813.624,국내주식_코스피,True,False,2016,2016-12-29
102110,TIGER 200,2008-04-03,0.05,비과세,국내,주식,코스피 200,실물(패시브),미래에셋자산운용,1887875600000.0,43306126406.016,국내주식_코스피,True,False,2016,2016-12-29
232080,TIGER 코스닥150,2015-11-12,0.19,비과세,국내,주식,코스닥 150,실물(패시브),미래에셋자산운용,945448900000.0,4783802734.26,국내주식_코스닥,True,False,2016,2016-12-29
143860,TIGER 헬스케어,2011-07-18,0.4,비과세,국내,주식,KRX 헬스케어,실물(패시브),미래에셋자산운용,96438840000.0,3258107802.02,제외,True,False,2016,2016-12-29
251350,KODEX MSCI선진국,2016-08-17,0.3,배당소득세(해외주식투자전용ETF),해외,주식,MSCI World,실물(패시브),삼성자산운용,139334850000.0,2658958615.27957,제외,True,False,2016,2016-12-29
261220,KODEX WTI원유선물(H),2016-12-27,0.35,배당소득세(보유기간과세),해외,원자재,S&P GSCI Crude Oil Index ER,실물(패시브),삼성자산운용,64960000000.0,2317672428.3333335,제외,True,True,2016,2016-12-29
102780,KODEX 삼성그룹,2008-05-21,0.25,비과세,국내,주식,삼성그룹,실물(패시브),삼성자산운용,612085200000.0,1368660934.056,제외,True,False,2016,2016-12-29
229200,KODEX 코스닥150,2015-10-01,0.25,비과세,국내,주식,코스닥 150,실물(패시브),삼성자산운용,2788966000000.0,6555068391.64,국내주식_코스닥,True,False,2016,2016-12-29
226490,KODEX 코스피,2015-08-24,0.15,비과세,국내,주식,코스피,실물(패시브),삼성자산운용,251424000000.0,4204034078.808,국내주식_코스피,True,False,2016,2016-12-29
069500,KODEX 200,2002-10-14,0.15,비과세,국내,주식,코스피 200,실물(패시브),삼성자산운용,4764521750000.0,137939411076.088,국내주식_코스피,True,False,2016,2016-12-29
153130,KODEX 단기채권,2012-02-22,0.15,배당소득세(보유기간과세),국내,채권,KRW Cash 지수(총수익),실물(패시브),삼성자산운용,657246384000.0,3022829976.668,무위험(현금성),True,False,2016,2016-12-29
069660,KIWOOM 200,2002-10-14,0.05,비과세,국내,주식,코스피 200,실물(패시브),키움투자자산운용,168831000000.0,5954962280.308,국내주식_코스피,True,False,2016,2016-12-29
130730,KIWOOM 단기자금,2010-07-29,0.05,배당소득세(보유기간과세),국내,채권,MK 머니마켓 지수(총수익),실물(패시브),키움투자자산운용,124097931000.0,14886358052.072,무위험(현금성),True,False,2016,2016-12-29
105190,ACE 200,2008-09-25,0.017,비과세,국내,주식,코스피 200,실물(패시브),한국투자신탁운용,343350000000.0,10372768763.244,국내주식_코스피,True,False,2016,2016-12-29
152100,PLUS 200,2012-01-10,0.017,비과세,국내,주식,코스피 200,실물(패시브),한화자산운용,325818300000.0,3444375554.344,국내주식_코스피,True,False,2016,2016-12-29
148020,RISE 200,2011-10-20,0.017,비과세,국내,주식,코스피 200,실물(패시브),케이비자산운용,1063180800000.0,14210975718.352,국내주식_코스피,True,False,2017,2017-12-28
272560,RISE 단기국공채액티브,2017-06-29,0.07,배당소득세(보유기간과세),국내,채권,KIS 종합채권국공채3M~1.5Y지수,실물(액티브),케이비자산운용,171590048000.0,13680669681.95122,국내채권_종합,True,False,2017,2017-12-28
196230,RISE 단기통안채,2014-05-19,0.13,배당소득세(보유기간과세),국내,채권,KIS 통안채 5개월 지수(총수익),실물(패시브),케이비자산운용,247722470000.0,6936554744.956,무위험(현금성),True,False,2017,2017-12-28
270810,RISE 코스닥150,2017-06-16,0.02,비과세,국내,주식,코스닥 150,실물(패시브),케이비자산운용,355332400000.0,3965915467.6060605,국내주식_코스닥,True,False,2017,2017-12-28
102110,TIGER 200,2008-04-03,0.05,비과세,국내,주식,코스피 200,실물(패시브),미래에셋자산운용,2401417800000.0,62199869967.688,국내주식_코스피,True,False,2017,2017-12-28
232080,TIGER 코스닥150,2015-11-12,0.19,비과세,국내,주식,코스닥 150,실물(패시브),미래에셋자산운용,1447543960000.0,8946609166.388,국내주식_코스닥,True,False,2017,2017-12-28
143860,TIGER 헬스케어,2011-07-18,0.4,비과세,국내,주식,KRX 헬스케어,실물(패시브),미래에셋자산운용,153269520000.0,3273698471.488,제외,True,False,2017,2017-12-28
139260,TIGER 200 IT,2011-04-06,0.4,비과세,국내,주식,코스피 200 정보기술,실물(패시브),미래에셋자산운용,248976000000.0,5573135898.192,국내주식_코스피,True,False,2017,2017-12-28
278530,KODEX 200TR,2017-11-21,0.05,배당소득세(보유기간과세),국내,주식,코스피 200 TR,실물(패시브),삼성자산운용,1917651000000.0,14517556978.148148,국내주식_코스피,True,False,2017,2017-12-28
278540,KODEX MSCI Korea TR,2017-11-09,0.09,배당소득세(보유기간과세),국내,주식,MSCI Korea TR Index,실물(패시브),삼성자산운용,654659000000.0,25700669197.285713,제외,True,False,2017,2017-12-28
251350,KODEX MSCI선진국,2016-08-17,0.3,배당소득세(해외주식투자전용ETF),해외,주식,MSCI World,실물(패시브),삼성자산운용,151823700000.0,2135141146.028,제외,True,False,2017,2017-12-28
261220,KODEX WTI원유선물(H),2016-12-27,0.35,배당소득세(보유기간과세),해외,원자재,S&P GSCI Crude Oil Index ER,실물(패시브),삼성자산운용,65712000000.0,1265330489.613821,제외,True,True,2017,2017-12-28
279530,KODEX 고배당주,2017-10-17,0.3,비과세,국내,주식,FnGuide 고배당 Plus 지수,실물(패시브),삼성자산운용,162100700000.0,3048701921.076923,제외,True,False,2017,2017-12-28
102780,KODEX 삼성그룹,2008-05-21,0.25,비과세,국내,주식,삼성그룹,실물(패시브),삼성자산운용,803138400000.0,2638322643.096,제외,True,False,2017,2017-12-28
091170,KODEX 은행,2006-06-27,0.3,비과세,국내,주식,KRX 은행,실물(패시브),삼성자산운용,185896200000.0,2691260470.276,제외,True,False,2017,2017-12-28
229200,KODEX 코스닥150,2015-10-01,0.25,비과세,국내,주식,코스닥 150,실물(패시브),삼성자산운용,4288376000000.0,17352240216.176,국내주식_코스닥,True,False,2017,2017-12-28
226490,KODEX 코스피,2015-08-24,0.15,비과세,국내,주식,코스피,실물(패시브),삼성자산운용,310982400000.0,4966309210.304,국내주식_코스피,True,False,2017,2017-12-28
069500,KODEX 200,2002-10-14,0.15,비과세,국내,주식,코스피 200,실물(패시브),삼성자산운용,6055685000000.0,202963586980.592,국내주식_코스피,True,False,2017,2017-12-28
153130,KODEX 단기채권,2012-02-22,0.15,배당소득세(보유기간과세),국내,채권,KRW Cash 지수(총수익),실물(패시브),삼성자산운용,665450244000.0,3243567098.976,무위험(현금성),True,False,2017,2017-12-28
069660,KIWOOM 200,2002-10-14,0.05,비과세,국내,주식,코스피 200,실물(패시브),키움투자자산운용,215451600000.0,4951021975.96,국내주식_코스피,True,False,2017,2017-12-28
130730,KIWOOM 단기자금,2010-07-29,0.05,배당소득세(보유기간과세),국내,채권,MK 머니마켓 지수(총수익),실물(패시브),키움투자자산운용,125738037000.0,1064045602.2,무위험(현금성),True,False,2017,2017-12-28
105190,ACE 200,2008-09-25,0.017,비과세,국내,주식,코스피 200,실물(패시브),한국투자신탁운용,436905000000.0,8690769101.156,국내주식_코스피,True,False,2017,2017-12-28
152100,PLUS 200,2012-01-10,0.017,비과세,국내,주식,코스피 200,실물(패시브),한화자산운용,413802800000.0,7335364736.836,국내주식_코스피,True,False,2017,2017-12-28
161510,PLUS 고배당주,2012-08-29,0.23,비과세,국내,주식,FnGuide 배당주 지수,실물(패시브),한화자산운용,954377280000.0,2320163528.752,제외,True,False,2017,2017-12-28
148020,RISE 200,2011-10-20,0.017,비과세,국내,주식,코스피 200,실물(패시브),케이비자산운용,879129600000.0,14681483127.816,국내주식_코스피,True,False,2018,2018-12-28
196230,RISE 단기통안채,2014-05-19,0.13,배당소득세(보유기간과세),국내,채권,KIS 통안채 5개월 지수(총수익),실물(패시브),케이비자산운용,251867190000.0,13480977258.884,무위험(현금성),True,False,2018,2018-12-28
270810,RISE 코스닥150,2017-06-16,0.02,비과세,국내,주식,코스닥 150,실물(패시브),케이비자산운용,294592040000.0,2371503843.284,국내주식_코스닥,True,False,2018,2018-12-28
293180,HANARO 200,2018-03-30,0.036,비과세,국내,주식,코스피 200,실물(패시브),엔에이치아문디자산운용,119810250000.0,3928422703.320652,국내주식_코스피,True,False,2018,2018-12-28
310960,TIGER 200TR,2018-11-20,0.09,배당소득세(보유기간과세),국내,주식,코스피 200 TR,실물(패시브),미래에셋자산운용,69394000000.0,2120397905.0,국내주식_코스피,True,False,2018,2018-12-28
102110,TIGER 200,2008-04-03,0.05,비과세,국내,주식,코스피 200,실물(패시브),미래에셋자산운용,1987089600000.0,52287087084.208,국내주식_코스피,True,False,2018,2018-12-28
310970,TIGER MSCI Korea TR,2018-11-20,0.12,배당소득세(보유기간과세),국내,주식,MSCI Korea TR Index,실물(패시브),미래에셋자산운용,1120464000000.0,37592944583.75,제외,True,False,2018,2018-12-28
302190,TIGER 중장기국채,2018-07-20,0.13,배당소득세(보유기간과세),국내,채권,KIS 국채 3-10년 지수(시장가격지수),실물(패시브),미래에셋자산운용,245177400000.0,1116674324.201835,국내채권_국고채장기,True,False,2018,2018-12-28
232080,TIGER 코스닥150,2015-11-12,0.19,비과세,국내,주식,코스닥 150,실물(패시브),미래에셋자산운용,1213950060000.0,21526013604.944,국내주식_코스닥,True,False,2018,2018-12-28
277630,TIGER 코스피,2017-08-31,0.12,비과세,국내,주식,코스피,실물(패시브),미래에셋자산운용,124191200000.0,2330940975.552,국내주식_코스피,True,False,2018,2018-12-28
278530,KODEX 200TR,2017-11-21,0.05,배당소득세(보유기간과세),국내,주식,코스피 200 TR,실물(패시브),삼성자산운용,1588191000000.0,9591426465.52,국내주식_코스피,True,False,2018,2018-12-28
278540,KODEX MSCI Korea TR,2017-11-09,0.09,배당소득세(보유기간과세),국내,주식,MSCI Korea TR Index,실물(패시브),삼성자산운용,542954000000.0,19713071130.82,제외,True,False,2018,2018-12-28
251350,KODEX MSCI선진국,2016-08-17,0.3,배당소득세(해외주식투자전용ETF),해외,주식,MSCI World,실물(패시브),삼성자산운용,141279300000.0,1636873241.904,제외,True,False,2018,2018-12-28
102780,KODEX 삼성그룹,2008-05-21,0.25,비과세,국내,주식,삼성그룹,실물(패시브),삼성자산운용,737468000000.0,2029849059.172,제외,True,False,2018,2018-12-28
091170,KODEX 은행,2006-06-27,0.3,비과세,국내,주식,KRX 은행,실물(패시브),삼성자산운용,156555000000.0,1704294098.932,제외,True,False,2018,2018-12-28
229200,KODEX 코스닥150,2015-10-01,0.25,비과세,국내,주식,코스닥 150,실물(패시브),삼성자산운용,3561812000000.0,68998907567.652,국내주식_코스닥,True,False,2018,2018-12-28
226490,KODEX 코스피,2015-08-24,0.15,비과세,국내,주식,코스피,실물(패시브),삼성자산운용,262886400000.0,4865484663.064,국내주식_코스피,True,False,2018,2018-12-28
069500,KODEX 200,2002-10-14,0.15,비과세,국내,주식,코스피 200,실물(패시브),삼성자산운용,5006573750000.0,214408550812.76,국내주식_코스피,True,False,2018,2018-12-28
153130,KODEX 단기채권,2012-02-22,0.15,배당소득세(보유기간과세),국내,채권,KRW Cash 지수(총수익),실물(패시브),삼성자산운용,676597842000.0,2876420451.488,무위험(현금성),True,False,2018,2018-12-28
295040,SOL 200TR,2018-04-23,0.05,배당소득세(보유기간과세),국내,주식,코스피 200 TR,실물(패시브),신한자산운용,116025000000.0,1278653632.7380953,국내주식_코스피,True,False,2018,2018-12-28
069660,KIWOOM 200,2002-10-14,0.05,비과세,국내,주식,코스피 200,실물(패시브),키움투자자산운용,178066200000.0,2837150736.484,국내주식_코스피,True,False,2018,2018-12-28
294400,KIWOOM 200TR,2018-04-23,0.012,배당소득세(보유기간과세),국내,주식,코스피 200 TR,실물(패시브),키움투자자산운용,435617750000.0,3106325555.5654764,국내주식_코스피,True,False,2018,2018-12-28
105190,ACE 200,2008-09-25,0.017,비과세,국내,주식,코스피 200,실물(패시브),한국투자신탁운용,362155500000.0,10482999338.704,국내주식_코스피,True,False,2018,2018-12-28
152100,PLUS 200,2012-01-10,0.017,비과세,국내,주식,코스피 200,실물(패시브),한화자산운용,341865600000.0,5211152345.248,국내주식_코스피,True,False,2018,2018-12-28
161510,PLUS 고배당주,2012-08-29,0.23,비과세,국내,주식,FnGuide 배당주 지수,실물(패시브),한화자산운용,859598880000.0,2055441484.716,제외,True,False,2018,2018-12-28
148020,RISE 200,2011-10-20,0.017,비과세,국내,주식,코스피 200,실물(패시브),케이비자산운용,1006156800000.0,16127455348.78,국내주식_코스피,True,False,2019,2019-12-30
266160,RISE 고배당,2017-04-14,0.2,비과세,국내,주식,FnGuide 고배당포커스 지수,실물(패시브),케이비자산운용,63195600000.0,1177709419.736,제외,True,False,2019,2019-12-30
272560,RISE 단기국공채액티브,2017-06-29,0.07,배당소득세(보유기간과세),국내,채권,KIS 종합채권국공채3M~1.5Y지수,실물(액티브),케이비자산운용,178556272000.0,10172395099.02,국내채권_종합,True,False,2019,2019-12-30
196230,RISE 단기통안채,2014-05-19,0.13,배당소득세(보유기간과세),국내,채권,KIS 통안채 5개월 지수(총수익),실물(패시브),케이비자산운용,255893705000.0,18897972047.244,무위험(현금성),True,False,2019,2019-12-30
315960,RISE 대형고배당10TR,2019-01-22,0.07,배당소득세(보유기간과세),국내,주식,WISE 대형고배당10 TR 지수,실물(패시브),케이비자산운용,95904000000.0,1381917933.5344827,제외,True,False,2019,2019-12-30
270810,RISE 코스닥150,2017-06-16,0.02,비과세,국내,주식,코스닥 150,실물(패시브),케이비자산운용,261232720000.0,2676366426.336,국내주식_코스닥,True,False,2019,2019-12-30
293180,HANARO 200,2018-03-30,0.036,비과세,국내,주식,코스피 200,실물(패시브),엔에이치아문디자산운용,137544750000.0,7190098173.184,국내주식_코스피,True,False,2019,2019-12-30
310960,TIGER 200TR,2018-11-20,0.09,배당소득세(보유기간과세),국내,주식,코스피 200 TR,실물(패시브),미래에셋자산운용,79482000000.0,2375807449.1,국내주식_코스피,True,False,2019,2019-12-30
102110,TIGER 200,2008-04-03,0.05,비과세,국내,주식,코스피 200,실물(패시브),미래에셋자산운용,2279200200000.0,56610261193.176,국내주식_코스피,True,False,2019,2019-12-30
310970,TIGER MSCI Korea TR,2018-11-20,0.12,배당소득세(보유기간과세),국내,주식,MSCI Korea TR Index,실물(패시브),미래에셋자산운용,1309626000000.0,6516481632.9,제외,True,False,2019,2019-12-30
157450,TIGER 단기통안채,2012-05-16,0.07,배당소득세(보유기간과세),국내,채권,KIS MSB 6M(총수익),실물(패시브),미래에셋자산운용,1172643132000.0,1200069902.94,무위험(현금성),True,False,2019,2019-12-30
329200,TIGER 리츠부동산인프라,2019-07-19,0.08,비과세,국내,부동산,FnGuide 리츠부동산인프라,실물(패시브),미래에셋자산운용,1281281400000.0,3087752144.783784,제외,True,False,2019,2019-12-30
329750,TIGER 미국달러단기채권액티브,2019-07-24,0.3,배당소득세(보유기간과세),해외,채권,KIS U.S. TREASURY BOND 0-1Y 지수(총수익),실물(액티브),미래에셋자산운용,365665300000.0,3128966193.2685184,무위험(현금성),True,False,2019,2019-12-30
232080,TIGER 코스닥150,2015-11-12,0.19,비과세,국내,주식,코스닥 150,실물(패시브),미래에셋자산운용,1082757820000.0,9120515603.516,국내주식_코스닥,True,False,2019,2019-12-30
277630,TIGER 코스피,2017-08-31,0.12,비과세,국내,주식,코스피,실물(패시브),미래에셋자산운용,136378500000.0,5482958428.716,국내주식_코스피,True,False,2019,2019-12-30
278530,KODEX 200TR,2017-11-21,0.05,배당소득세(보유기간과세),국내,주식,코스피 200 TR,실물(패시브),삼성자산운용,1819782000000.0,12199613731.58,국내주식_코스피,True,False,2019,2019-12-30
278540,KODEX MSCI Korea TR,2017-11-09,0.09,배당소득세(보유기간과세),국내,주식,MSCI Korea TR Index,실물(패시브),삼성자산운용,634349000000.0,14897547598.64,제외,True,False,2019,2019-12-30
315930,KODEX Top5PlusTR,2019-01-22,0.15,배당소득세(보유기간과세),국내,주식,FnGuide TOP 5 Plus Total Return 지수,실물(패시브),삼성자산운용,304008000000.0,5735241004.4827585,제외,True,False,2019,2019-12-30
114260,KODEX 국고채3년,2009-07-29,0.15,배당소득세(보유기간과세),국내,채권,MKF 국고채지수(총수익),실물(패시브),삼성자산운용,523236600000.0,1246805669.808,국내채권_국고채단중기,True,False,2019,2019-12-30
325020,KODEX 배당가치,2019-05-31,0.3,비과세,국내,주식,FnGuide SLV 배당가치 지수,실물(패시브),삼성자산운용,57578400000.0,1894945526.110345,제외,True,False,2019,2019-12-30
102780,KODEX 삼성그룹,2008-05-21,0.25,비과세,국내,주식,삼성그룹,실물(패시브),삼성자산운용,842064000000.0,1560992225.42,제외,True,False,2019,2019-12-30
273130,KODEX 종합채권(AA-이상)액티브,2017-06-29,0.045,배당소득세(보유기간과세),국내,채권,KAP 한국종합채권지수,실물(액티브),삼성자산운용,3805161700000.0,3638025948.632,국내채권_종합,True,False,2019,2019-12-30
229200,KODEX 코스닥150,2015-10-01,0.25,비과세,국내,주식,코스닥 150,실물(패시브),삼성자산운용,3182997000000.0,53685368186.928,국내주식_코스닥,True,False,2019,2019-12-30
226490,KODEX 코스피,2015-08-24,0.15,비과세,국내,주식,코스피,실물(패시브),삼성자산운용,288590400000.0,9464843421.9,국내주식_코스피,True,False,2019,2019-12-30
069500,KODEX 200,2002-10-14,0.15,비과세,국내,주식,코스피 200,실물(패시브),삼성자산운용,5729879500000.0,155593143148.352,국내주식_코스피,True,False,2019,2019-12-30
153130,KODEX 단기채권,2012-02-22,0.15,배당소득세(보유기간과세),국내,채권,KRW Cash 지수(총수익),실물(패시브),삼성자산운용,687393846000.0,3840197192.06,무위험(현금성),True,False,2019,2019-12-30
295040,SOL 200TR,2018-04-23,0.05,배당소득세(보유기간과세),국내,주식,코스피 200 TR,실물(패시브),신한자산운용,133224000000.0,1653243233.76,국내주식_코스피,True,False,2019,2019-12-30
148070,KIWOOM 국고채10년,2011-10-20,0.05,배당소득세(보유기간과세),국내,채권,KIS 10년 국고채 지수 (총수익),실물(패시브),키움투자자산운용,460420092000.0,1951257149.092,국내채권_국고채장기,True,False,2019,2019-12-30
069660,KIWOOM 200,2002-10-14,0.05,비과세,국내,주식,코스피 200,실물(패시브),키움투자자산운용,204274200000.0,3194779652.428,국내주식_코스피,True,False,2019,2019-12-30
294400,KIWOOM 200TR,2018-04-23,0.012,배당소득세(보유기간과세),국내,주식,코스피 200 TR,실물(패시브),키움투자자산운용,499198750000.0,2233689017.74,국내주식_코스피,True,False,2019,2019-12-30
130730,KIWOOM 단기자금,2010-07-29,0.05,배당소득세(보유기간과세),국내,채권,MK 머니마켓 지수(총수익),실물(패시브),키움투자자산운용,130029012000.0,16635063518.736,무위험(현금성),True,False,2019,2019-12-30
105190,ACE 200,2008-09-25,0.017,비과세,국내,주식,코스피 200,실물(패시브),한국투자신탁운용,413988750000.0,9365709223.872,국내주식_코스피,True,False,2019,2019-12-30
152100,PLUS 200,2012-01-10,0.017,비과세,국내,주식,코스피 200,실물(패시브),한화자산운용,391899800000.0,5382237552.16,국내주식_코스피,True,False,2019,2019-12-30
161510,PLUS 고배당주,2012-08-29,0.23,비과세,국내,주식,FnGuide 배당주 지수,실물(패시브),한화자산운용,873712620000.0,2182126329.624,제외,True,False,2019,2019-12-30
148020,RISE 200,2011-10-20,0.017,비과세,국내,주식,코스피 200,실물(패시브),케이비자산운용,1362240000000.0,16341716268.744,국내주식_코스피,True,False,2020,2020-12-30
290130,RISE ESG사회책임투자,2018-02-27,0.3,비과세,국내,주식,KRX ESG 사회책임경영지수(S),실물(패시브),케이비자산운용,95377500000.0,1243945740.756,제외,True,False,2020,2020-12-30
272560,RISE 단기국공채액티브,2017-06-29,0.07,배당소득세(보유기간과세),국내,채권,KIS 종합채권국공채3M~1.5Y지수,실물(액티브),케이비자산운용,181402064000.0,4620188997.368,국내채권_종합,True,False,2020,2020-12-30
196230,RISE 단기통안채,2014-05-19,0.13,배당소득세(보유기간과세),국내,채권,KIS 통안채 5개월 지수(총수익),실물(패시브),케이비자산운용,258725595000.0,50240210757.972,무위험(현금성),True,False,2020,2020-12-30
368590,RISE 미국나스닥100,2020-11-06,0.006,배당소득세(보유기간과세),해외,주식,NASDAQ 100,실물(패시브),케이비자산운용,473091000000.0,2815282121.7894735,미국주식_나스닥,True,False,2020,2020-12-30
302450,RISE 코스피,2018-07-24,0.02,비과세,국내,주식,코스피,실물(패시브),케이비자산운용,91545000000.0,1362448827.4,국내주식_코스피,True,False,2020,2020-12-30
293180,HANARO 200,2018-03-30,0.036,비과세,국내,주식,코스피 200,실물(패시브),엔에이치아문디자산운용,186217500000.0,7971723416.048,국내주식_코스피,True,False,2020,2020-12-30
310960,TIGER 200TR,2018-11-20,0.09,배당소득세(보유기간과세),국내,주식,코스피 200 TR,실물(패시브),미래에셋자산운용,107614000000.0,2561078003.28,국내주식_코스피,True,False,2020,2020-12-30
102110,TIGER 200,2008-04-03,0.05,비과세,국내,주식,코스피 200,실물(패시브),미래에셋자산운용,3093457400000.0,67703750225.384,국내주식_코스피,True,False,2020,2020-12-30
364980,TIGER 2차전지TOP10,2020-10-07,0.4,비과세,국내,주식,KRX 2차전지 TOP 10 지수,실물(패시브),미래에셋자산운용,895843750000.0,9031775039.491526,제외,True,False,2020,2020-12-30
364960,TIGER BBIG,2020-10-07,0.4,비과세,국내,주식,KRX BBIG 지수,실물(패시브),미래에셋자산운용,165158000000.0,12425302291.440678,제외,True,False,2020,2020-12-30
310970,TIGER MSCI Korea TR,2018-11-20,0.12,배당소득세(보유기간과세),국내,주식,MSCI Korea TR Index,실물(패시브),미래에셋자산운용,1797318000000.0,11175295583.46,제외,True,False,2020,2020-12-30
364990,TIGER 게임TOP10,2020-10-07,0.4,비과세,국내,주식,KRX 게임 TOP 10 지수,실물(패시브),미래에셋자산운용,58919950000.0,2568660833.1864405,제외,True,False,2020,2020-12-30
157450,TIGER 단기통안채,2012-05-16,0.07,배당소득세(보유기간과세),국내,채권,KIS MSB 6M(총수익),실물(패시브),미래에셋자산운용,1181727189000.0,14016489060.848,무위험(현금성),True,False,2020,2020-12-30
360750,TIGER 미국S&P500,2020-08-07,0.006,배당소득세(보유기간과세),해외,주식,S&P 500,실물(패시브),미래에셋자산운용,6091359000000.0,2717774183.9693875,미국주식_SP500,True,False,2020,2020-12-30
364970,TIGER 바이오TOP10,2020-10-07,0.4,비과세,국내,주식,KRX 바이오 TOP 10 지수,실물(패시브),미래에셋자산운용,469351200000.0,4061550930.322034,제외,True,False,2020,2020-12-30
157490,TIGER 소프트웨어,2012-05-16,0.4,비과세,국내,주식,FnGuide 소프트웨어 지수,실물(패시브),미래에셋자산운용,173073600000.0,2369710927.476,제외,True,False,2020,2020-12-30
365000,TIGER 인터넷TOP10,2020-10-07,0.4,비과세,국내,주식,KRX 인터넷 TOP 10 지수,실물(패시브),미래에셋자산운용,115155000000.0,3040918788.9491525,제외,True,False,2020,2020-12-30
371160,TIGER 차이나항셍테크,2020-12-16,0.09,배당소득세(보유기간과세),해외,주식,Hang Seng TECH Index,실물(패시브),미래에셋자산운용,1097360000000.0,5590920439.5,신흥국_중국,True,False,2020,2020-12-30
292150,TIGER 코리아TOP10,2018-03-30,0.15,비과세,국내,주식,FnGuide TOP10 지수,실물(패시브),미래에셋자산운용,821968000000.0,4541192021.74,제외,True,False,2020,2020-12-30
232080,TIGER 코스닥150,2015-11-12,0.19,비과세,국내,주식,코스닥 150,실물(패시브),미래에셋자산운용,1617545480000.0,12043733161.528,국내주식_코스닥,True,False,2020,2020-12-30
277630,TIGER 코스피,2017-08-31,0.12,비과세,국내,주식,코스피,실물(패시브),미래에셋자산운용,180558300000.0,1109100500.192,국내주식_코스피,True,False,2020,2020-12-30
143860,TIGER 헬스케어,2011-07-18,0.4,비과세,국내,주식,KRX 헬스케어,실물(패시브),미래에셋자산운용,218297360000.0,5024714656.38,제외,True,False,2020,2020-12-30
139260,TIGER 200 IT,2011-04-06,0.4,비과세,국내,주식,코스피 200 정보기술,실물(패시브),미래에셋자산운용,387360600000.0,8690519953.552,국내주식_코스피,True,False,2020,2020-12-30
278530,KODEX 200TR,2017-11-21,0.05,배당소득세(보유기간과세),국내,주식,코스피 200 TR,실물(패시브),삼성자산운용,2459322000000.0,11021300307.88,국내주식_코스피,True,False,2020,2020-12-30
278540,KODEX MSCI Korea TR,2017-11-09,0.09,배당소득세(보유기간과세),국내,주식,MSCI Korea TR Index,실물(패시브),삼성자산운용,867914000000.0,10945085124.9,제외,True,False,2020,2020-12-30
315930,KODEX Top5PlusTR,2019-01-22,0.15,배당소득세(보유기간과세),국내,주식,FnGuide TOP 5 Plus Total Return 지수,실물(패시브),삼성자산운용,371742000000.0,3367037783.32,제외,True,False,2020,2020-12-30
102780,KODEX 삼성그룹,2008-05-21,0.25,비과세,국내,주식,삼성그룹,실물(패시브),삼성자산운용,1208017600000.0,2995032735.652,제외,True,False,2020,2020-12-30
091170,KODEX 은행,2006-06-27,0.3,비과세,국내,주식,KRX 은행,실물(패시브),삼성자산운용,142031400000.0,1962150503.148,제외,True,False,2020,2020-12-30
273130,KODEX 종합채권(AA-이상)액티브,2017-06-29,0.045,배당소득세(보유기간과세),국내,채권,KAP 한국종합채권지수,실물(액티브),삼성자산운용,3869969198000.0,3232948727.276,국내채권_종합,True,False,2020,2020-12-30
372330,KODEX 차이나항셍테크,2020-12-16,0.12,배당소득세(보유기간과세),해외,주식,Hang Seng TECH Index,실물(패시브),삼성자산운용,191340200000.0,9058854284.7,신흥국_중국,True,False,2020,2020-12-30
229200,KODEX 코스닥150,2015-10-01,0.25,비과세,국내,주식,코스닥 150,실물(패시브),삼성자산운용,4782579000000.0,89438390906.444,국내주식_코스닥,True,False,2020,2020-12-30
226490,KODEX 코스피,2015-08-24,0.15,비과세,국내,주식,코스피,실물(패시브),삼성자산운용,383443200000.0,4324337012.548,국내주식_코스피,True,False,2020,2020-12-30
069500,KODEX 200,2002-10-14,0.15,비과세,국내,주식,코스피 200,실물(패시브),삼성자산운용,7767369750000.0,303461215432.784,국내주식_코스피,True,False,2020,2020-12-30
214980,KODEX 단기채권PLUS,2015-03-03,0.15,배당소득세(보유기간과세),국내,채권,KRW Cash PLUS 지수(총수익),실물(패시브),삼성자산운용,1847717424000.0,27232367898.6,무위험(현금성),True,False,2020,2020-12-30
153130,KODEX 단기채권,2012-02-22,0.15,배당소득세(보유기간과세),국내,채권,KRW Cash 지수(총수익),실물(패시브),삼성자산운용,693991404000.0,3060493993.664,무위험(현금성),True,False,2020,2020-12-30
295040,SOL 200TR,2018-04-23,0.05,배당소득세(보유기간과세),국내,주식,코스피 200 TR,실물(패시브),신한자산운용,179975250000.0,1896884913.96,국내주식_코스피,True,False,2020,2020-12-30
148070,KIWOOM 국고채10년,2011-10-20,0.05,배당소득세(보유기간과세),국내,채권,KIS 10년 국고채 지수 (총수익),실물(패시브),키움투자자산운용,466975872000.0,2027178340.22,국내채권_국고채장기,True,False,2020,2020-12-30
069660,KIWOOM 200,2002-10-14,0.05,비과세,국내,주식,코스피 200,실물(패시브),키움투자자산운용,276049800000.0,3509511710.42,국내주식_코스피,True,False,2020,2020-12-30
294400,KIWOOM 200TR,2018-04-23,0.012,배당소득세(보유기간과세),국내,주식,코스피 200 TR,실물(패시브),키움투자자산운용,674998750000.0,1450326864.18,국내주식_코스피,True,False,2020,2020-12-30
130730,KIWOOM 단기자금,2010-07-29,0.05,배당소득세(보유기간과세),국내,채권,MK 머니마켓 지수(총수익),실물(패시브),키움투자자산운용,131434398000.0,32418252413.684,무위험(현금성),True,False,2020,2020-12-30
332500,ACE 200TR,2019-08-28,0.01,배당소득세(보유기간과세),국내,주식,코스피 200 TR,실물(패시브),한국투자신탁운용,73454500000.0,1008873571.1,국내주식_코스피,True,False,2020,2020-12-30
105190,ACE 200,2008-09-25,0.017,비과세,국내,주식,코스피 200,실물(패시브),한국투자신탁운용,559991250000.0,13318122119.132,국내주식_코스피,True,False,2020,2020-12-30
360200,ACE 미국S&P500,2020-08-07,0.004,배당소득세(보유기간과세),해외,주식,S&P 500,실물(패시브),한국투자신탁운용,1331398100000.0,1485037853.2040815,미국주식_SP500,True,False,2020,2020-12-30
367380,ACE 미국나스닥100,2020-10-29,0.006,배당소득세(보유기간과세),해외,주식,NASDAQ 100,실물(패시브),한국투자신탁운용,1046995200000.0,5114360297.340909,미국주식_나스닥,True,False,2020,2020-12-30
152100,PLUS 200,2012-01-10,0.017,비과세,국내,주식,코스피 200,실물(패시브),한화자산운용,530663500000.0,9446929091.592,국내주식_코스피,True,False,2020,2020-12-30
161510,PLUS 고배당주,2012-08-29,0.23,비과세,국내,주식,FnGuide 배당주 지수,실물(패시브),한화자산운용,815300280000.0,1188374056.092,제외,True,False,2020,2020-12-30
148020,RISE 200,2011-10-20,0.017,비과세,국내,주식,코스피 200,실물(패시브),케이비자산운용,1410201600000.0,9710311566.964,국내주식_코스피,True,False,2021,2021-12-30
290130,RISE ESG사회책임투자,2018-02-27,0.3,비과세,국내,주식,KRX ESG 사회책임경영지수(S),실물(패시브),케이비자산운용,101420100000.0,3665896936.304,제외,True,False,2021,2021-12-30
367770,RISE 수소경제테마,2020-10-29,0.45,비과세,국내,주식,FnGuide 수소 경제 테마 지수,실물(패시브),케이비자산운용,63066000000.0,4161075669.484,제외,True,False,2021,2021-12-30
326240,RISE IT플러스,2019-06-20,0.4,비과세,국내,주식,FnGuide IT플러스 지수,실물(패시브),케이비자산운용,51409600000.0,3098977299.992,제외,True,False,2021,2021-12-30
401170,RISE 메타버스,2021-10-13,0.45,비과세,국내,주식,iSelect 메타버스 지수(시장가격지수),실물(패시브),케이비자산운용,140222800000.0,7604900885.859649,제외,True,False,2021,2021-12-30
300640,RISE 게임테마,2018-07-24,0.3,비과세,국내,주식,WISE 게임 테마 지수 (시장가격지수),실물(패시브),케이비자산운용,80770850000.0,1348305917.66,제외,True,False,2021,2021-12-30
367760,RISE 네트워크인프라,2020-10-29,0.45,비과세,국내,주식,FnGuide 네트워크 인프라 지수,실물(패시브),케이비자산운용,97633900000.0,1631137411.756,제외,True,False,2021,2021-12-30
272560,RISE 단기국공채액티브,2017-06-29,0.07,배당소득세(보유기간과세),국내,채권,KIS 종합채권국공채3M~1.5Y지수,실물(액티브),케이비자산운용,182739984000.0,38472817543.196,국내채권_종합,True,False,2021,2021-12-30
196230,RISE 단기통안채,2014-05-19,0.13,배당소득세(보유기간과세),국내,채권,KIS 통안채 5개월 지수(총수익),실물(패시브),케이비자산운용,260289925000.0,79348313773.632,무위험(현금성),True,False,2021,2021-12-30
379780,RISE 미국S&P500,2021-04-09,0.004,배당소득세(보유기간과세),해외,주식,S&P 500,실물(패시브),케이비자산운용,732902000000.0,1083061314.7252748,미국주식_SP500,True,False,2021,2021-12-30
368590,RISE 미국나스닥100,2020-11-06,0.006,배당소득세(보유기간과세),해외,주식,NASDAQ 100,실물(패시브),케이비자산운용,662067000000.0,2885421951.788,미국주식_나스닥,True,False,2021,2021-12-30
388420,RISE 비메모리반도체액티브,2021-06-10,0.5,배당소득세(보유기간과세),국내,주식,iSelect 비메모리반도체 지수(시장가격지수),실물(액티브),케이비자산운용,95592960000.0,1891644073.1785715,제외,True,False,2021,2021-12-30
293180,HANARO 200,2018-03-30,0.036,비과세,국내,주식,코스피 200,실물(패시브),엔에이치아문디자산운용,191982000000.0,3675378506.26,국내주식_코스피,True,False,2021,2021-12-30
322400,HANARO e커머스,2019-04-23,0.45,비과세,국내,주식,FnGuide E커머스 지수,실물(패시브),엔에이치아문디자산운용,65835900000.0,1871102012.968,제외,True,False,2021,2021-12-30
102110,TIGER 200,2008-04-03,0.05,비과세,국내,주식,코스피 200,실물(패시브),미래에셋자산운용,3189422800000.0,38486487821.976,국내주식_코스피,True,False,2021,2021-12-30
364980,TIGER 2차전지TOP10,2020-10-07,0.4,비과세,국내,주식,KRX 2차전지 TOP 10 지수,실물(패시브),미래에셋자산운용,1078168500000.0,19106567585.776,제외,True,False,2021,2021-12-30
305540,TIGER 2차전지테마,2018-09-12,0.44,비과세,국내,주식,WISE 2차전지 테마 지수,실물(패시브),미래에셋자산운용,1232105000000.0,40709904125.5,제외,True,False,2021,2021-12-30
364960,TIGER BBIG,2020-10-07,0.4,비과세,국내,주식,KRX BBIG 지수,실물(패시브),미래에셋자산운용,159656000000.0,7024559953.24,제외,True,False,2021,2021-12-30
400970,TIGER Fn메타버스,2021-10-13,0.45,비과세,국내,주식,FnGuide 메타버스테마 지수,실물(패시브),미래에셋자산운용,88326000000.0,32332645094.824562,제외,True,False,2021,2021-12-30
310970,TIGER MSCI Korea TR,2018-11-20,0.12,배당소득세(보유기간과세),국내,주식,MSCI Korea TR Index,실물(패시브),미래에셋자산운용,1797318000000.0,8180015445.9,제외,True,False,2021,2021-12-30
364990,TIGER 게임TOP10,2020-10-07,0.4,비과세,국내,주식,KRX 게임 TOP 10 지수,실물(패시브),미래에셋자산운용,67487350000.0,1490029694.724,제외,True,False,2021,2021-12-30
360750,TIGER 미국S&P500,2020-08-07,0.006,배당소득세(보유기간과세),해외,주식,S&P 500,실물(패시브),미래에셋자산운용,8601204000000.0,6539039673.748,미국주식_SP500,True,False,2021,2021-12-30
381170,TIGER 미국테크TOP10 INDXX,2021-04-09,0.49,배당소득세(보유기간과세),해외,주식,Indxx US Tech Top 10 Index,실물(패시브),미래에셋자산운용,1702958400000.0,15687704211.093407,제외,True,False,2021,2021-12-30
381180,TIGER 미국필라델피아반도체나스닥,2021-04-09,0.49,배당소득세(보유기간과세),해외,주식,PHLX Semiconductor Sector Index,실물(패시브),미래에셋자산운용,1457826400000.0,12659907301.258242,제외,True,False,2021,2021-12-30
228810,TIGER 미디어컨텐츠,2015-10-07,0.44,비과세,국내,주식,WISE 미디어컨텐츠 지수,실물(패시브),미래에셋자산운용,226840320000.0,4127110104.156,제외,True,False,2021,2021-12-30
364970,TIGER 바이오TOP10,2020-10-07,0.4,비과세,국내,주식,KRX 바이오 TOP 10 지수,실물(패시브),미래에셋자산운용,310974250000.0,3209308178.164,제외,True,False,2021,2021-12-30
091230,TIGER 반도체,2006-06-27,0.46,비과세,국내,주식,KRX 반도체,실물(패시브),미래에셋자산운용,359412220000.0,3313949376.772,제외,True,False,2021,2021-12-30
396500,TIGER 반도체TOP10,2021-08-10,0.45,비과세,국내,주식,FnGuide 반도체TOP10 지수,실물(패시브),미래에셋자산운용,2613199200000.0,2401736075.443299,제외,True,False,2021,2021-12-30
157490,TIGER 소프트웨어,2012-05-16,0.4,비과세,국내,주식,FnGuide 소프트웨어 지수,실물(패시브),미래에셋자산운용,200573880000.0,2380241698.716,제외,True,False,2021,2021-12-30
228800,TIGER 여행레저,2015-10-07,0.5,비과세,국내,주식,WISE 여행레저 지수,실물(패시브),미래에셋자산운용,120191040000.0,3455110517.316,제외,True,False,2021,2021-12-30
365000,TIGER 인터넷TOP10,2020-10-07,0.4,비과세,국내,주식,KRX 인터넷 TOP 10 지수,실물(패시브),미래에셋자산운용,123513750000.0,1450013291.252,제외,True,False,2021,2021-12-30
371470,TIGER 차이나바이오테크SOLACTIVE,2020-12-08,0.49,배당소득세(보유기간과세),해외,주식,Solactive China Biotech Index(PR),실물(패시브),미래에셋자산운용,66878000000.0,1342133956.136,신흥국_중국,True,False,2021,2021-12-30
371460,TIGER 차이나전기차SOLACTIVE,2020-12-08,0.49,배당소득세(보유기간과세),해외,주식,Solactive China Electric Vehicle and Battery Index(PR),실물(패시브),미래에셋자산운용,1612426640000.0,71516644036.692,신흥국_중국,True,False,2021,2021-12-30
371160,TIGER 차이나항셍테크,2020-12-16,0.09,배당소득세(보유기간과세),해외,주식,Hang Seng TECH Index,실물(패시브),미래에셋자산운용,785070000000.0,5565271335.064,신흥국_중국,True,False,2021,2021-12-30
292150,TIGER 코리아TOP10,2018-03-30,0.15,비과세,국내,주식,FnGuide TOP10 지수,실물(패시브),미래에셋자산운용,825444800000.0,7794405055.604,제외,True,False,2021,2021-12-30
232080,TIGER 코스닥150,2015-11-12,0.19,비과세,국내,주식,코스닥 150,실물(패시브),미래에셋자산운용,1603519300000.0,4050124690.904,국내주식_코스닥,True,False,2021,2021-12-30
143860,TIGER 헬스케어,2011-07-18,0.4,비과세,국내,주식,KRX 헬스케어,실물(패시브),미래에셋자산운용,148033680000.0,2363540391.724,제외,True,False,2021,2021-12-30
138540,TIGER 현대차그룹플러스,2011-03-10,0.15,비과세,국내,주식,MKF 현대차그룹+ FW,실물(패시브),미래에셋자산운용,271932360000.0,1770031279.416,제외,True,False,2021,2021-12-30
228790,TIGER 화장품,2015-10-07,0.5,비과세,국내,주식,WISE 화장품 지수,실물(패시브),미래에셋자산운용,204333840000.0,1050276956.772,제외,True,False,2021,2021-12-30
394670,TIGER 글로벌리튬&2차전지SOLACTIVE(합성),2021-07-20,0.49,배당소득세(보유기간과세),해외,주식,Solactive Global Lithium 지수(PR),합성(패시브),미래에셋자산운용,267087600000.0,15550034167.839285,제외,True,False,2021,2021-12-30
394660,TIGER 글로벌자율주행&전기차SOLACTIVE,2021-07-20,0.49,배당소득세(보유기간과세),해외,주식,Solactive Autonomous & Electric Vehicles 지수(PR),실물(패시브),미래에셋자산운용,80652480000.0,4536143779.098214,제외,True,False,2021,2021-12-30
139260,TIGER 200 IT,2011-04-06,0.4,비과세,국내,주식,코스피 200 정보기술,실물(패시브),미래에셋자산운용,414344400000.0,13144045275.32,국내주식_코스피,True,False,2021,2021-12-30
139220,TIGER 200 건설,2011-04-06,0.4,비과세,국내,주식,코스피 200 건설,실물(패시브),미래에셋자산운용,64706560000.0,2086248988.24,국내주식_코스피,True,False,2021,2021-12-30
139230,TIGER 200 중공업,2011-04-06,0.34,비과세,국내,주식,코스피 200 중공업,실물(패시브),미래에셋자산운용,61295560000.0,1632492675.876,국내주식_코스피,True,False,2021,2021-12-30
275980,TIGER 글로벌4차산업혁신기술(합성 H),2017-08-01,0.4,배당소득세(보유기간과세),해외,주식,Morningstar Exponential Technologies Equal Weighted Select PR USD,합성(패시브),미래에셋자산운용,56194560000.0,1797306819.792,제외,False,False,2021,2021-12-30
278530,KODEX 200TR,2017-11-21,0.05,배당소득세(보유기간과세),국내,주식,코스피 200 TR,실물(패시브),삼성자산운용,2534904000000.0,4319405245.68,국내주식_코스피,True,False,2021,2021-12-30
305720,KODEX 2차전지산업,2018-09-12,0.45,비과세,국내,주식,FnGuide 2차전지 산업 지수,실물(패시브),삼성자산운용,2583856600000.0,48178988899.628,제외,True,False,2021,2021-12-30
278540,KODEX MSCI Korea TR,2017-11-09,0.09,배당소득세(보유기간과세),국내,주식,MSCI Korea TR Index,실물(패시브),삼성자산운용,870622000000.0,12903705953.18,제외,True,False,2021,2021-12-30
251350,KODEX MSCI선진국,2016-08-17,0.3,배당소득세(해외주식투자전용ETF),해외,주식,MSCI World,실물(패시브),삼성자산운용,271335600000.0,2005486655.072,제외,True,False,2021,2021-12-30
401470,KODEX 메타버스액티브,2021-10-13,0.5,배당소득세(보유기간과세),국내,주식,FnGuide K-메타버스 지수,실물(액티브),삼성자산운용,118557000000.0,45891274475.82456,제외,True,False,2021,2021-12-30
379800,KODEX 미국S&P500,2021-04-09,0.006,배당소득세(보유기간과세),해외,주식,S&P 500,실물(패시브),삼성자산운용,4502023200000.0,2630455562.6923075,미국주식_SP500,True,False,2021,2021-12-30
379810,KODEX 미국나스닥100,2021-04-09,0.006,배당소득세(보유기간과세),해외,주식,NASDAQ 100,실물(패시브),삼성자산운용,3321183150000.0,3065501796.9505496,미국주식_나스닥,True,False,2021,2021-12-30
411420,KODEX 미국나스닥AI테크액티브,2021-12-22,0.5,배당소득세(보유기간과세),해외,주식,Nasdaq CB Insights Metaverse US Index (Price Return),실물(액티브),삼성자산운용,53135250000.0,33960509590.42857,제외,True,False,2021,2021-12-30
390390,KODEX 미국반도체,2021-06-30,0.09,배당소득세(보유기간과세),해외,주식,MVIS US Listed Semiconductor 25 Index,실물(패시브),삼성자산운용,252123600000.0,1121780971.8253968,제외,True,False,2021,2021-12-30
314250,KODEX 미국빅테크10(H),2019-01-10,0.45,배당소득세(보유기간과세),해외,주식,NYSE U.S. Big TECH 10 INDEX,실물(패시브),삼성자산운용,369932700000.0,7679972901.836,제외,True,True,2021,2021-12-30
091160,KODEX 반도체,2006-06-27,0.45,비과세,국내,주식,KRX 반도체,실물(패시브),삼성자산운용,1620260600000.0,7405101362.496,제외,True,False,2021,2021-12-30
102780,KODEX 삼성그룹,2008-05-21,0.25,비과세,국내,주식,삼성그룹,실물(패시브),삼성자산운용,1229996000000.0,4919038217.084,제외,True,False,2021,2021-12-30
385510,KODEX 신재생에너지액티브,2021-05-25,0.5,배당소득세(보유기간과세),국내,주식,FnGuide K-신재생에너지 플러스 지수,실물(액티브),삼성자산운용,98263200000.0,1721516351.7171052,제외,True,False,2021,2021-12-30
091170,KODEX 은행,2006-06-27,0.3,비과세,국내,주식,KRX 은행,실물(패시브),삼성자산운용,177723000000.0,7161977566.064,제외,True,False,2021,2021-12-30
091180,KODEX 자동차,2006-06-27,0.45,비과세,국내,주식,KRX 자동차,실물(패시브),삼성자산운용,329992500000.0,10310800294.732,제외,True,False,2021,2021-12-30
273130,KODEX 종합채권(AA-이상)액티브,2017-06-29,0.045,배당소득세(보유기간과세),국내,채권,KAP 한국종합채권지수,실물(액티브),삼성자산운용,3811488742000.0,2247625639.264,국내채권_종합,True,False,2021,2021-12-30
102970,KODEX 증권,2008-05-29,0.45,비과세,국내,주식,KRX 증권,실물(패시브),삼성자산운용,276477250000.0,1495322805.748,제외,True,False,2021,2021-12-30
283580,KODEX 차이나CSI300,2017-12-13,0.12,배당소득세(해외주식투자전용ETF),해외,주식,CSI 300 Index,실물(패시브),삼성자산운용,238529500000.0,1064430974.684,신흥국_중국,True,False,2021,2021-12-30
372330,KODEX 차이나항셍테크,2020-12-16,0.12,배당소득세(보유기간과세),해외,주식,Hang Seng TECH Index,실물(패시브),삼성자산운용,137338800000.0,4221401486.784,신흥국_중국,True,False,2021,2021-12-30
229200,KODEX 코스닥150,2015-10-01,0.25,비과세,국내,주식,코스닥 150,실물(패시브),삼성자산운용,4707450000000.0,55313322369.78,국내주식_코스닥,True,False,2021,2021-12-30
226490,KODEX 코스피,2015-08-24,0.15,비과세,국내,주식,코스피,실물(패시브),삼성자산운용,403603200000.0,3607534990.476,국내주식_코스피,True,False,2021,2021-12-30
069500,KODEX 200,2002-10-14,0.15,비과세,국내,주식,코스피 200,실물(패시브),삼성자산운용,7999774750000.0,247188269327.728,국내주식_코스피,True,False,2021,2021-12-30
117700,KODEX 건설,2009-10-30,0.45,비과세,국내,주식,KRX 건설,실물(패시브),삼성자산운용,107634400000.0,1907791540.264,제외,True,False,2021,2021-12-30
214980,KODEX 단기채권PLUS,2015-03-03,0.15,배당소득세(보유기간과세),국내,채권,KRW Cash PLUS 지수(총수익),실물(패시브),삼성자산운용,1858429944000.0,91739243282.9,무위험(현금성),True,False,2021,2021-12-30
153130,KODEX 단기채권,2012-02-22,0.15,배당소득세(보유기간과세),국내,채권,KRW Cash 지수(총수익),실물(패시브),삼성자산운용,697410828000.0,3402518618.476,무위험(현금성),True,False,2021,2021-12-30
295040,SOL 200TR,2018-04-23,0.05,배당소득세(보유기간과세),국내,주식,코스피 200 TR,실물(패시브),신한자산운용,186390750000.0,1616502305.44,국내주식_코스피,True,False,2021,2021-12-30
148070,KIWOOM 국고채10년,2011-10-20,0.05,배당소득세(보유기간과세),국내,채권,KIS 10년 국고채 지수 (총수익),실물(패시브),키움투자자산운용,455596911000.0,1739609553.976,국내채권_국고채장기,True,False,2021,2021-12-30
069660,KIWOOM 200,2002-10-14,0.05,비과세,국내,주식,코스피 200,실물(패시브),키움투자자산운용,285558000000.0,2011209109.744,국내주식_코스피,True,False,2021,2021-12-30
130730,KIWOOM 단기자금,2010-07-29,0.05,배당소득세(보유기간과세),국내,채권,MK 머니마켓 지수(총수익),실물(패시브),키움투자자산운용,132197238000.0,51611981571.184,무위험(현금성),True,False,2021,2021-12-30
105190,ACE 200,2008-09-25,0.017,비과세,국내,주식,코스피 200,실물(패시브),한국투자신탁운용,580482000000.0,12193661612.416,국내주식_코스피,True,False,2021,2021-12-30
411060,ACE KRX금현물,2021-12-15,0.19,배당소득세(보유기간과세),국내,원자재,KRX 금현물지수,실물(패시브),한국투자신탁운용,1560687000000.0,2822237711.25,원자재_금,True,False,2021,2021-12-30
360200,ACE 미국S&P500,2020-08-07,0.004,배당소득세(보유기간과세),해외,주식,S&P 500,실물(패시브),한국투자신탁운용,1878675900000.0,3222718399.932,미국주식_SP500,True,False,2021,2021-12-30
309230,ACE 미국WideMoat동일가중,2018-10-25,0.4,배당소득세(보유기간과세),해외,주식,MorningStar Wide Moat Focus Index,실물(패시브),한국투자신탁운용,78936360000.0,1362700863.028,제외,False,False,2021,2021-12-30
367380,ACE 미국나스닥100,2020-10-29,0.006,배당소득세(보유기간과세),해외,주식,NASDAQ 100,실물(패시브),한국투자신탁운용,1466410800000.0,2239486702.844,미국주식_나스닥,True,False,2021,2021-12-30
402970,ACE 미국배당다우존스,2021-10-21,0.01,배당소득세(보유기간과세),해외,주식,Dow Jones U.S. Dividend 100 Price Return Index,실물(패시브),한국투자신탁운용,514413100000.0,1221064324.0392158,제외,True,False,2021,2021-12-30
152100,PLUS 200,2012-01-10,0.017,비과세,국내,주식,코스피 200,실물(패시브),한화자산운용,551314900000.0,6932511576.68,국내주식_코스피,True,False,2021,2021-12-30
161510,PLUS 고배당주,2012-08-29,0.23,비과세,국내,주식,FnGuide 배당주 지수,실물(패시브),한화자산운용,996100380000.0,1543202201.668,제외,True,False,2021,2021-12-30
328370,PLUS 코스피TR,2019-06-25,0.15,배당소득세(보유기간과세),국내,주식,코스피 TR,실물(패시브),한화자산운용,55626000000.0,1035487525.36,국내주식_코스피,True,False,2021,2021-12-30
148020,RISE 200,2011-10-20,0.017,비과세,국내,주식,코스피 200,실물(패시브),케이비자산운용,1068172800000.0,7604135917.32,국내주식_코스피,True,False,2022,2022-12-29
422420,RISE 2차전지액티브,2022-04-08,0.35,배당소득세(보유기간과세),국내,주식,iSelect 2차전지 지수 (시장가격지수),실물(액티브),케이비자산운용,244157220000.0,2914397672.269231,제외,True,False,2022,2022-12-29
385560,RISE KIS국고채30년Enhanced,2021-05-26,0.05,배당소득세(보유기간과세),국내,채권,KIS 국고채30년Enhanced지수(시장가격),실물(패시브),케이비자산운용,672021590000.0,1684302884.968,국내채권_국고채장기,True,False,2022,2022-12-29
272560,RISE 단기국공채액티브,2017-06-29,0.07,배당소득세(보유기간과세),국내,채권,KIS 종합채권국공채3M~1.5Y지수,실물(액티브),케이비자산운용,184542560000.0,1209790844.784,국내채권_종합,True,False,2022,2022-12-29
385550,RISE 단기채권알파액티브,2021-05-26,0.05,배당소득세(보유기간과세),국내,채권,KIS 단기채권알파지수(AA-이상)(총수익지수),실물(액티브),케이비자산운용,311079916000.0,48816029692.556,무위험(현금성),True,False,2022,2022-12-29
196230,RISE 단기통안채,2014-05-19,0.13,배당소득세(보유기간과세),국내,채권,KIS 통안채 5개월 지수(총수익),실물(패시브),케이비자산운용,264127815000.0,89531444569.096,무위험(현금성),True,False,2022,2022-12-29
379780,RISE 미국S&P500,2021-04-09,0.004,배당소득세(보유기간과세),해외,주식,S&P 500,실물(패시브),케이비자산운용,623162000000.0,1550347202.348,미국주식_SP500,True,False,2022,2022-12-29
368590,RISE 미국나스닥100,2020-11-06,0.006,배당소득세(보유기간과세),해외,주식,NASDAQ 100,실물(패시브),케이비자산운용,459978000000.0,1338589052.78,미국주식_나스닥,True,False,2022,2022-12-29
293180,HANARO 200,2018-03-30,0.036,비과세,국내,주식,코스피 200,실물(패시브),엔에이치아문디자산운용,146238750000.0,3952075478.612,국내주식_코스피,True,False,2022,2022-12-29
310960,TIGER 200TR,2018-11-20,0.09,배당소득세(보유기간과세),국내,주식,코스피 200 TR,실물(패시브),미래에셋자산운용,84032000000.0,1288070961.6,국내주식_코스피,True,False,2022,2022-12-29
102110,TIGER 200,2008-04-03,0.05,비과세,국내,주식,코스피 200,실물(패시브),미래에셋자산운용,2423455600000.0,42134469823.348,국내주식_코스피,True,False,2022,2022-12-29
364980,TIGER 2차전지TOP10,2020-10-07,0.4,비과세,국내,주식,KRX 2차전지 TOP 10 지수,실물(패시브),미래에셋자산운용,864875500000.0,13500061419.244,제외,True,False,2022,2022-12-29
364960,TIGER BBIG,2020-10-07,0.4,비과세,국내,주식,KRX BBIG 지수,실물(패시브),미래에셋자산운용,92834000000.0,2511511007.2,제외,True,False,2022,2022-12-29
310970,TIGER MSCI Korea TR,2018-11-20,0.12,배당소득세(보유기간과세),국내,주식,MSCI Korea TR Index,실물(패시브),미래에셋자산운용,1364310000000.0,4770662176.52,제외,True,False,2022,2022-12-29
272580,TIGER 단기채권액티브,2017-06-29,0.06,배당소득세(보유기간과세),국내,채권,KIS MSB 6M PLUS 지수,실물(액티브),미래에셋자산운용,702050148000.0,7739949736.512,무위험(현금성),True,False,2022,2022-12-29
157450,TIGER 단기통안채,2012-05-16,0.07,배당소득세(보유기간과세),국내,채권,KIS MSB 6M(총수익),실물(패시브),미래에셋자산운용,1205780244000.0,103860829872.924,무위험(현금성),True,False,2022,2022-12-29
329200,TIGER 리츠부동산인프라,2019-07-19,0.08,비과세,국내,부동산,FnGuide 리츠부동산인프라,실물(패시브),미래에셋자산운용,1326414600000.0,1757428857.72,제외,True,False,2022,2022-12-29
360750,TIGER 미국S&P500,2020-08-07,0.006,배당소득세(보유기간과세),해외,주식,S&P 500,실물(패시브),미래에셋자산운용,7299756000000.0,17957533580.62,미국주식_SP500,True,False,2022,2022-12-29
448290,TIGER 미국S&P500(H),2022-11-25,0.07,배당소득세(보유기간과세),해외,주식,S&P 500,실물(패시브),미래에셋자산운용,271479600000.0,2686130432.4,미국주식_SP500,True,True,2022,2022-12-29
448300,TIGER 미국나스닥100(H),2022-11-25,0.006,배당소득세(보유기간과세),해외,주식,NASDAQ 100,실물(패시브),미래에셋자산운용,143647500000.0,2087059261.4,미국주식_나스닥,True,True,2022,2022-12-29
441680,TIGER 미국나스닥100커버드콜(합성),2022-09-22,0.37,배당소득세(보유기간과세),해외,주식,Cboe Nasdaq-100 BuyWrite V2 지수 (Total Return),합성(패시브),미래에셋자산운용,182477750000.0,1024399770.7971015,제외,False,False,2022,2022-12-29
329750,TIGER 미국달러단기채권액티브,2019-07-24,0.3,배당소득세(보유기간과세),해외,채권,KIS U.S. TREASURY BOND 0-1Y 지수(총수익),실물(액티브),미래에셋자산운용,404729920000.0,2357737074.12,무위험(현금성),True,False,2022,2022-12-29
364970,TIGER 바이오TOP10,2020-10-07,0.4,비과세,국내,주식,KRX 바이오 TOP 10 지수,실물(패시브),미래에셋자산운용,213410850000.0,3687753734.864,제외,True,False,2022,2022-12-29
414780,TIGER 차이나과창판STAR50(합성),2022-01-13,0.09,배당소득세(보유기간과세),해외,주식,STAR 50 Index(Price Return),합성(패시브),미래에셋자산운용,116362950000.0,1553626047.9201682,신흥국_중국,True,False,2022,2022-12-29
371160,TIGER 차이나항셍테크,2020-12-16,0.09,배당소득세(보유기간과세),해외,주식,Hang Seng TECH Index,실물(패시브),미래에셋자산운용,632500000000.0,7919294793.392,신흥국_중국,True,False,2022,2022-12-29
292150,TIGER 코리아TOP10,2018-03-30,0.15,비과세,국내,주식,FnGuide TOP10 지수,실물(패시브),미래에셋자산운용,571638400000.0,3710278553.336,제외,True,False,2022,2022-12-29
232080,TIGER 코스닥150,2015-11-12,0.19,비과세,국내,주식,코스닥 150,실물(패시브),미래에셋자산운용,1034351680000.0,2072876573.052,국내주식_코스닥,True,False,2022,2022-12-29
277630,TIGER 코스피,2017-08-31,0.12,비과세,국내,주식,코스피,실물(패시브),미래에셋자산운용,147768500000.0,1232718831.668,국내주식_코스피,True,False,2022,2022-12-29
447770,TIGER 테슬라채권혼합Fn,2022-11-29,0.25,배당소득세(보유기간과세),국내&해외,혼합자산,FnGuide 테슬라채권혼합 지수,실물(패시브),미래에셋자산운용,340412800000.0,8922816195.26087,제외,True,False,2022,2022-12-29
143860,TIGER 헬스케어,2011-07-18,0.4,비과세,국내,주식,KRX 헬스케어,실물(패시브),미래에셋자산운용,105545000000.0,1344419736.872,제외,True,False,2022,2022-12-29
139260,TIGER 200 IT,2011-04-06,0.4,비과세,국내,주식,코스피 200 정보기술,실물(패시브),미래에셋자산운용,285296400000.0,4627392644.128,국내주식_코스피,True,False,2022,2022-12-29
139230,TIGER 200 중공업,2011-04-06,0.34,비과세,국내,주식,코스피 200 중공업,실물(패시브),미래에셋자산운용,56270680000.0,1815409545.536,국내주식_코스피,True,False,2022,2022-12-29
438330,TIGER 우량회사채액티브,2022-08-23,0.1,배당소득세(보유기간과세),국내,채권,KIS 투자등급회사채 지수(총수익),실물(액티브),미래에셋자산운용,525269280000.0,1038099523.2808989,국내채권_회사채,True,False,2022,2022-12-29
278530,KODEX 200TR,2017-11-21,0.05,배당소득세(보유기간과세),국내,주식,코스피 200 TR,실물(패시브),삼성자산운용,1923465000000.0,8281380110.24,국내주식_코스피,True,False,2022,2022-12-29
278540,KODEX MSCI Korea TR,2017-11-09,0.09,배당소득세(보유기간과세),국내,주식,MSCI Korea TR Index,실물(패시브),삼성자산운용,657028500000.0,10611917015.02,제외,True,False,2022,2022-12-29
251350,KODEX MSCI선진국,2016-08-17,0.3,배당소득세(해외주식투자전용ETF),해외,주식,MSCI World,실물(패시브),삼성자산운용,234873900000.0,1396604866.928,제외,True,False,2022,2022-12-29
315930,KODEX Top5PlusTR,2019-01-22,0.15,배당소득세(보유기간과세),국내,주식,FnGuide TOP 5 Plus Total Return 지수,실물(패시브),삼성자산운용,294680000000.0,1388434695.7,제외,True,False,2022,2022-12-29
379800,KODEX 미국S&P500,2021-04-09,0.006,배당소득세(보유기간과세),해외,주식,S&P 500,실물(패시브),삼성자산운용,3840368850000.0,4192655214.436,미국주식_SP500,True,False,2022,2022-12-29
449180,KODEX 미국S&P500(H),2022-12-02,0.009,배당소득세(보유기간과세),해외,주식,S&P 500,실물(패시브),삼성자산운용,474248500000.0,1562748520.4,미국주식_SP500,True,True,2022,2022-12-29
379810,KODEX 미국나스닥100,2021-04-09,0.006,배당소득세(보유기간과세),해외,주식,NASDAQ 100,실물(패시브),삼성자산운용,2307249900000.0,3026115876.528,미국주식_나스닥,True,False,2022,2022-12-29
441640,KODEX 미국배당커버드콜액티브,2022-09-27,0.19,배당소득세(보유기간과세),해외,주식,S&P 500,실물(액티브),삼성자산운용,894878250000.0,1745697313.469697,미국주식_SP500,False,False,2022,2022-12-29
102780,KODEX 삼성그룹,2008-05-21,0.25,비과세,국내,주식,삼성그룹,실물(패시브),삼성자산운용,1061715600000.0,7412154603.728,제외,True,False,2022,2022-12-29
448330,KODEX 삼성전자채권혼합,2022-11-29,0.07,배당소득세(보유기간과세),국내,혼합자산,Wise 삼성전자채권혼합 지수,실물(패시브),삼성자산운용,693344700000.0,1892304715.6956522,제외,True,False,2022,2022-12-29
091170,KODEX 은행,2006-06-27,0.3,비과세,국내,주식,KRX 은행,실물(패시브),삼성자산운용,154761600000.0,6513450090.348,제외,True,False,2022,2022-12-29
273130,KODEX 종합채권(AA-이상)액티브,2017-06-29,0.045,배당소득세(보유기간과세),국내,채권,KAP 한국종합채권지수,실물(액티브),삼성자산운용,3568523180000.0,1957738943.816,국내채권_종합,True,False,2022,2022-12-29
372330,KODEX 차이나항셍테크,2020-12-16,0.12,배당소득세(보유기간과세),해외,주식,Hang Seng TECH Index,실물(패시브),삼성자산운용,110415300000.0,2098729869.132,신흥국_중국,True,False,2022,2022-12-29
229200,KODEX 코스닥150,2015-10-01,0.25,비과세,국내,주식,코스닥 150,실물(패시브),삼성자산운용,3028618000000.0,80002031099.832,국내주식_코스닥,True,False,2022,2022-12-29
226490,KODEX 코스피,2015-08-24,0.15,비과세,국내,주식,코스피,실물(패시브),삼성자산운용,312883200000.0,4667024374.332,국내주식_코스피,True,False,2022,2022-12-29
069500,KODEX 200,2002-10-14,0.15,비과세,국내,주식,코스피 200,실물(패시브),삼성자산운용,6067963000000.0,221566934196.636,국내주식_코스피,True,False,2022,2022-12-29
214980,KODEX 단기채권PLUS,2015-03-03,0.15,배당소득세(보유기간과세),국내,채권,KRW Cash PLUS 지수(총수익),실물(패시브),삼성자산운용,1886099376000.0,57772822144.28,무위험(현금성),True,False,2022,2022-12-29
153130,KODEX 단기채권,2012-02-22,0.15,배당소득세(보유기간과세),국내,채권,KRW Cash 지수(총수익),실물(패시브),삼성자산운용,706710834000.0,95287689271.204,무위험(현금성),True,False,2022,2022-12-29
213610,KODEX 삼성그룹밸류,2015-01-08,0.09,비과세,국내,주식,WISE 삼성그룹 밸류 인덱스,실물(패시브),삼성자산운용,92441200000.0,1858681557.228,제외,True,False,2022,2022-12-29
295040,SOL 200TR,2018-04-23,0.05,배당소득세(보유기간과세),국내,주식,코스피 200 TR,실물(패시브),신한자산운용,141209250000.0,2645814168.36,국내주식_코스피,True,False,2022,2022-12-29
446720,SOL 미국배당다우존스,2022-11-15,0.01,배당소득세(보유기간과세),해외,주식,Dow Jones U.S. Dividend 100 Price Return Index,실물(패시브),신한자산운용,590943600000.0,4153165133.090909,제외,True,False,2022,2022-12-29
148070,KIWOOM 국고채10년,2011-10-20,0.05,배당소득세(보유기간과세),국내,채권,KIS 10년 국고채 지수 (총수익),실물(패시브),키움투자자산운용,413733573000.0,3004185267.312,국내채권_국고채장기,True,False,2022,2022-12-29
069660,KIWOOM 200,2002-10-14,0.05,비과세,국내,주식,코스피 200,실물(패시브),키움투자자산운용,215459400000.0,2004414783.156,국내주식_코스피,True,False,2022,2022-12-29
294400,KIWOOM 200TR,2018-04-23,0.012,배당소득세(보유기간과세),국내,주식,코스피 200 TR,실물(패시브),키움투자자산운용,528205750000.0,2081093223.02,국내주식_코스피,True,False,2022,2022-12-29
130730,KIWOOM 단기자금,2010-07-29,0.05,배당소득세(보유기간과세),국내,채권,MK 머니마켓 지수(총수익),실물(패시브),키움투자자산운용,134347860000.0,2093218521.9,무위험(현금성),True,False,2022,2022-12-29
419890,KIWOOM 단기채권ESG액티브,2022-03-03,0.15,배당소득세(보유기간과세),국내,채권,KIS ESG 9M~1.5Y,실물(액티브),키움투자자산운용,62307300000.0,2750035593.826087,무위험(현금성),True,False,2022,2022-12-29
332500,ACE 200TR,2019-08-28,0.01,배당소득세(보유기간과세),국내,주식,코스피 200 TR,실물(패시브),한국투자신탁운용,57489500000.0,1047849806.4,국내주식_코스피,True,False,2022,2022-12-29
105190,ACE 200,2008-09-25,0.017,비과세,국내,주식,코스피 200,실물(패시브),한국투자신탁운용,438275250000.0,5993789223.424,국내주식_코스피,True,False,2022,2022-12-29
411060,ACE KRX금현물,2021-12-15,0.19,배당소득세(보유기간과세),국내,원자재,KRX 금현물지수,실물(패시브),한국투자신탁운용,1655766000000.0,1035623157.12,원자재_금,True,False,2022,2022-12-29
190620,ACE 단기통안채,2013-12-23,0.07,배당소득세(보유기간과세),국내,채권,KIS MSB 단기지수(총수익),실물(패시브),한국투자신탁운용,213157664000.0,4882480550.708,무위험(현금성),True,False,2022,2022-12-29
440640,ACE 단기채권알파액티브,2022-08-23,0.15,배당소득세(보유기간과세),국내,채권,KIS 단기채권알파AA-이상 총수익지수,실물(액티브),한국투자신탁운용,61003356000.0,2473326368.235955,무위험(현금성),True,False,2022,2022-12-29
360200,ACE 미국S&P500,2020-08-07,0.004,배당소득세(보유기간과세),해외,주식,S&P 500,실물(패시브),한국투자신탁운용,1600368800000.0,2998548007.88,미국주식_SP500,True,False,2022,2022-12-29
367380,ACE 미국나스닥100,2020-10-29,0.006,배당소득세(보유기간과세),해외,주식,NASDAQ 100,실물(패시브),한국투자신탁운용,1020601200000.0,1959016016.096,미국주식_나스닥,True,False,2022,2022-12-29
448540,ACE 엔비디아채권혼합,2022-11-29,0.07,배당소득세(보유기간과세),국내&해외,혼합자산,Bloomberg Blended NVIDIA Equity and Korean Bond Index,실물(패시브),한국투자신탁운용,90539800000.0,5164330714.434783,제외,True,False,2022,2022-12-29
152100,PLUS 200,2012-01-10,0.017,비과세,국내,주식,코스피 200,실물(패시브),한화자산운용,418541000000.0,5660670187.66,국내주식_코스피,True,False,2022,2022-12-29
161510,PLUS 고배당주,2012-08-29,0.23,비과세,국내,주식,FnGuide 배당주 지수,실물(패시브),한화자산운용,973435980000.0,1466243979.932,제외,True,False,2022,2022-12-29
148020,RISE 200,2011-10-20,0.017,비과세,국내,주식,코스피 200,실물(패시브),케이비자산운용,1333555200000.0,16405664060.06,국내주식_코스피,True,False,2023,2023-12-28
465330,RISE 2차전지TOP10,2023-09-12,0.07,비과세,국내,주식,iSelect 2차전지 TOP10 지수(PR),실물(패시브),케이비자산운용,109163100000.0,9969702729.708334,제외,True,False,2023,2023-12-28
422420,RISE 2차전지액티브,2022-04-08,0.35,배당소득세(보유기간과세),국내,주식,iSelect 2차전지 지수 (시장가격지수),실물(액티브),케이비자산운용,327097980000.0,6205819858.948,제외,True,False,2023,2023-12-28
469070,RISE AI&로봇,2023-10-24,0.4,비과세,국내,주식,iSelect AI&로봇 지수(시장가격),실물(패시브),케이비자산운용,408130500000.0,3204276633.0212765,제외,True,False,2023,2023-12-28
385560,RISE KIS국고채30년Enhanced,2021-05-26,0.05,배당소득세(보유기간과세),국내,채권,KIS 국고채30년Enhanced지수(시장가격),실물(패시브),케이비자산운용,789361039000.0,5069071598.82,국내채권_국고채장기,True,False,2023,2023-12-28
196230,RISE 단기통안채,2014-05-19,0.13,배당소득세(보유기간과세),국내,채권,KIS 통안채 5개월 지수(총수익),실물(패시브),케이비자산운용,273689845000.0,161285349604.032,무위험(현금성),True,False,2023,2023-12-28
455890,RISE 머니마켓액티브,2023-05-09,0.05,배당소득세(보유기간과세),국내,채권,KIS 시가평가 MMF 지수 (총수익지수),실물(액티브),케이비자산운용,2717502564000.0,4020639638.0314465,무위험(현금성),True,False,2023,2023-12-28
472870,RISE 미국30년국채엔화노출(합성 H),2023-12-27,0.15,배당소득세(보유기간과세),해외,채권,KIS 미국채30년 엔화노출 지수(USD/JPY 헤지)(총수익지수),합성(패시브),케이비자산운용,369861200000.0,10489577690.5,해외채권_미국국채,False,True,2023,2023-12-28
379780,RISE 미국S&P500,2021-04-09,0.004,배당소득세(보유기간과세),해외,주식,S&P 500,실물(패시브),케이비자산운용,812014000000.0,1325978582.944,미국주식_SP500,True,False,2023,2023-12-28
368590,RISE 미국나스닥100,2020-11-06,0.006,배당소득세(보유기간과세),해외,주식,NASDAQ 100,실물(패시브),케이비자산운용,743535000000.0,1455473705.252,미국주식_나스닥,True,False,2023,2023-12-28
270810,RISE 코스닥150,2017-06-16,0.02,비과세,국내,주식,코스닥 150,실물(패시브),케이비자산운용,358903840000.0,1314142583.88,국내주식_코스닥,True,False,2023,2023-12-28
302450,RISE 코스피,2018-07-24,0.02,비과세,국내,주식,코스피,실물(패시브),케이비자산운용,90280200000.0,1207894472.676,국내주식_코스피,True,False,2023,2023-12-28
293180,HANARO 200,2018-03-30,0.036,비과세,국내,주식,코스피 200,실물(패시브),엔에이치아문디자산운용,182411250000.0,3267507717.388,국내주식_코스피,True,False,2023,2023-12-28
395290,HANARO Fn K-POP&미디어,2021-07-30,0.45,비과세,국내,주식,FnGuide K-POP & 미디어 지수,실물(패시브),엔에이치아문디자산운용,52895150000.0,1584082980.316,제외,True,False,2023,2023-12-28
395270,HANARO Fn K-반도체,2021-07-30,0.45,비과세,국내,주식,FnGuide K-반도체 지수,실물(패시브),엔에이치아문디자산운용,613119000000.0,1782529708.164,제외,True,False,2023,2023-12-28
102110,TIGER 200,2008-04-03,0.05,비과세,국내,주식,코스피 200,실물(패시브),미래에셋자산운용,3033841200000.0,30764901359.452,국내주식_코스피,True,False,2023,2023-12-28
364980,TIGER 2차전지TOP10,2020-10-07,0.4,비과세,국내,주식,KRX 2차전지 TOP 10 지수,실물(패시브),미래에셋자산운용,1011695250000.0,11252706412.504,제외,True,False,2023,2023-12-28
462010,TIGER 2차전지소재Fn,2023-07-13,0.39,비과세,국내,주식,FnGuide 2차전지소재 (Price Return) 지수,실물(패시브),미래에셋자산운용,1000642800000.0,62505110885.87719,제외,True,False,2023,2023-12-28
305540,TIGER 2차전지테마,2018-09-12,0.44,비과세,국내,주식,WISE 2차전지 테마 지수,실물(패시브),미래에셋자산운용,1457393500000.0,55191344064.16,제외,True,False,2023,2023-12-28
471760,TIGER AI반도체핵심공정,2023-11-21,0.45,비과세,국내,주식,iSelect AI반도체핵심공정지수,실물(패시브),미래에셋자산운용,101419650000.0,17491278304.851852,제외,True,False,2023,2023-12-28
400970,TIGER Fn메타버스,2021-10-13,0.45,비과세,국내,주식,FnGuide 메타버스테마 지수,실물(패시브),미래에셋자산운용,53788000000.0,1888046435.084,제외,True,False,2023,2023-12-28
310970,TIGER MSCI Korea TR,2018-11-20,0.12,배당소득세(보유기간과세),국내,주식,MSCI Korea TR Index,실물(패시브),미래에셋자산운용,1708038000000.0,6828569325.96,제외,True,False,2023,2023-12-28
272580,TIGER 단기채권액티브,2017-06-29,0.06,배당소득세(보유기간과세),국내,채권,KIS MSB 6M PLUS 지수,실물(액티브),미래에셋자산운용,728292948000.0,11433859431.68,무위험(현금성),True,False,2023,2023-12-28
157450,TIGER 단기통안채,2012-05-16,0.07,배당소득세(보유기간과세),국내,채권,KIS MSB 6M(총수익),실물(패시브),미래에셋자산운용,1248073035000.0,87338376234.24,무위험(현금성),True,False,2023,2023-12-28
329200,TIGER 리츠부동산인프라,2019-07-19,0.08,비과세,국내,부동산,FnGuide 리츠부동산인프라,실물(패시브),미래에셋자산운용,1312086600000.0,1510417254.748,제외,True,False,2023,2023-12-28
458250,TIGER 미국30년국채스트립액티브(합성 H),2023-05-31,0.15,배당소득세(보유기간과세),해외,채권,ICE BofA Long US Treasury Principal STRIPS Index,합성(액티브),미래에셋자산운용,752897728000.0,2973751392.7569447,해외채권_미국국채,False,True,2023,2023-12-28
360750,TIGER 미국S&P500,2020-08-07,0.006,배당소득세(보유기간과세),해외,주식,S&P 500,실물(패시브),미래에셋자산운용,9520953000000.0,13076028491.412,미국주식_SP500,True,False,2023,2023-12-28
448290,TIGER 미국S&P500(H),2022-11-25,0.07,배당소득세(보유기간과세),해외,주식,S&P 500,실물(패시브),미래에셋자산운용,338100000000.0,1354154385.552,미국주식_SP500,True,True,2023,2023-12-28
448300,TIGER 미국나스닥100(H),2022-11-25,0.006,배당소득세(보유기간과세),해외,주식,NASDAQ 100,실물(패시브),미래에셋자산운용,222196200000.0,1383781543.456,미국주식_나스닥,True,True,2023,2023-12-28
441680,TIGER 미국나스닥100커버드콜(합성),2022-09-22,0.37,배당소득세(보유기간과세),해외,주식,Cboe Nasdaq-100 BuyWrite V2 지수 (Total Return),합성(패시브),미래에셋자산운용,229647400000.0,1960437182.624,제외,False,False,2023,2023-12-28
329750,TIGER 미국달러단기채권액티브,2019-07-24,0.3,배당소득세(보유기간과세),해외,채권,KIS U.S. TREASURY BOND 0-1Y 지수(총수익),실물(액티브),미래에셋자산운용,431284420000.0,1522009026.612,무위험(현금성),True,False,2023,2023-12-28
458730,TIGER 미국배당다우존스,2023-06-20,0.01,배당소득세(보유기간과세),해외,주식,Dow Jones U.S. Dividend 100 Price Return Index,실물(패시브),미래에셋자산운용,2256460400000.0,5034248358.961832,제외,True,False,2023,2023-12-28
472170,TIGER 미국테크TOP10채권혼합,2023-12-05,0.25,배당소득세(보유기간과세),국내&해외,혼합자산,FnGuide 미국테크TOP10 채권혼합지수,실물(패시브),미래에셋자산운용,244215000000.0,2354756929.0588236,제외,True,False,2023,2023-12-28
228810,TIGER 미디어컨텐츠,2015-10-07,0.44,비과세,국내,주식,WISE 미디어컨텐츠 지수,실물(패시브),미래에셋자산운용,147525360000.0,1074424780.404,제외,True,False,2023,2023-12-28
364970,TIGER 바이오TOP10,2020-10-07,0.4,비과세,국내,주식,KRX 바이오 TOP 10 지수,실물(패시브),미래에셋자산운용,237510900000.0,1721673714.22,제외,True,False,2023,2023-12-28
091230,TIGER 반도체,2006-06-27,0.46,비과세,국내,주식,KRX 반도체,실물(패시브),미래에셋자산운용,339130560000.0,4903158506.656,제외,True,False,2023,2023-12-28
396500,TIGER 반도체TOP10,2021-08-10,0.45,비과세,국내,주식,FnGuide 반도체TOP10 지수,실물(패시브),미래에셋자산운용,2723019200000.0,14693073601.548,제외,True,False,2023,2023-12-28
157490,TIGER 소프트웨어,2012-05-16,0.4,비과세,국내,주식,FnGuide 소프트웨어 지수,실물(패시브),미래에셋자산운용,114909720000.0,1214445727.864,제외,True,False,2023,2023-12-28
466940,TIGER 은행고배당플러스TOP10,2023-10-17,0.3,비과세,국내,주식,FnGuide 은행고배당플러스TOP10 지수(시장가격 지수),실물(패시브),미래에셋자산운용,351396300000.0,1616620640.9423077,제외,True,False,2023,2023-12-28
453870,TIGER 인도니프티50,2023-04-14,0.19,배당소득세(보유기간과세),해외,주식,Nifty 50 Index,실물(패시브),미래에셋자산운용,337543500000.0,2703103613.781609,신흥국_인도,True,False,2023,2023-12-28
371160,TIGER 차이나항셍테크,2020-12-16,0.09,배당소득세(보유기간과세),해외,주식,Hang Seng TECH Index,실물(패시브),미래에셋자산운용,588390000000.0,8937125303.816,신흥국_중국,True,False,2023,2023-12-28
292150,TIGER 코리아TOP10,2018-03-30,0.15,비과세,국내,주식,FnGuide TOP10 지수,실물(패시브),미래에셋자산운용,757483200000.0,1243301951.7,제외,True,False,2023,2023-12-28
232080,TIGER 코스닥150,2015-11-12,0.19,비과세,국내,주식,코스닥 150,실물(패시브),미래에셋자산운용,1506285180000.0,3308416553.868,국내주식_코스닥,True,False,2023,2023-12-28
277630,TIGER 코스피,2017-08-31,0.12,비과세,국내,주식,코스피,실물(패시브),미래에셋자산운용,177469600000.0,1746051687.904,국내주식_코스피,True,False,2023,2023-12-28
447770,TIGER 테슬라채권혼합Fn,2022-11-29,0.25,배당소득세(보유기간과세),국내&해외,혼합자산,FnGuide 테슬라채권혼합 지수,실물(패시브),미래에셋자산운용,471328000000.0,1045942646.332,제외,True,False,2023,2023-12-28
143860,TIGER 헬스케어,2011-07-18,0.4,비과세,국내,주식,KRX 헬스케어,실물(패시브),미래에셋자산운용,126346960000.0,2211420295.764,제외,True,False,2023,2023-12-28
138540,TIGER 현대차그룹플러스,2011-03-10,0.15,비과세,국내,주식,MKF 현대차그룹+ FW,실물(패시브),미래에셋자산운용,296195040000.0,1099664822.812,제외,True,False,2023,2023-12-28
139260,TIGER 200 IT,2011-04-06,0.4,비과세,국내,주식,코스피 200 정보기술,실물(패시브),미래에셋자산운용,370591200000.0,2707257293.904,국내주식_코스피,True,False,2023,2023-12-28
139230,TIGER 200 중공업,2011-04-06,0.34,비과세,국내,주식,코스피 200 중공업,실물(패시브),미래에셋자산운용,69750120000.0,1706512889.668,국내주식_코스피,True,False,2023,2023-12-28
463250,TIGER K방산&우주,2023-07-25,0.45,비과세,국내,주식,iSelect K방산&우주,실물(패시브),미래에셋자산운용,224900350000.0,1496940496.0660377,제외,True,False,2023,2023-12-28
451530,TIGER 국고채30년스트립액티브,2023-02-01,0.15,배당소득세(보유기간과세),국내,채권,KIS STRIP 30Y Index(총수익지수),실물(액티브),미래에셋자산운용,175506608000.0,2940458524.671111,국내채권_국고채장기,False,False,2023,2023-12-28
458760,TIGER 미국배당다우존스타겟커버드콜2호,2023-06-20,0.39,배당소득세(보유기간과세),해외,주식,DowJones U.S. Dividend 100 7% Premium Covered Call 지수 (TR),실물(패시브),미래에셋자산운용,514625250000.0,3918205143.40458,제외,False,False,2023,2023-12-28
278530,KODEX 200TR,2017-11-21,0.05,배당소득세(보유기간과세),국내,주식,코스피 200 TR,실물(패시브),삼성자산운용,2402151000000.0,5839466696.12,국내주식_코스피,True,False,2023,2023-12-28
305720,KODEX 2차전지산업,2018-09-12,0.45,비과세,국내,주식,FnGuide 2차전지 산업 지수,실물(패시브),삼성자산운용,2736359200000.0,58912491141.264,제외,True,False,2023,2023-12-28
461950,KODEX 2차전지핵심소재10,2023-07-04,0.39,비과세,국내,주식,FnGuide 2차전지핵심소재10 지수,실물(패시브),삼성자산운용,322343850000.0,15847796086.305784,제외,True,False,2023,2023-12-28
471990,KODEX AI반도체핵심장비,2023-11-21,0.39,비과세,국내,주식,iSelect AI 반도체핵심장비 지수,실물(패시브),삼성자산운용,180189400000.0,13328844049.222221,제외,True,False,2023,2023-12-28
278540,KODEX MSCI Korea TR,2017-11-09,0.09,배당소득세(보유기간과세),국내,주식,MSCI Korea TR Index,실물(패시브),삼성자산운용,823232000000.0,1784646298.2,제외,True,False,2023,2023-12-28
251350,KODEX MSCI선진국,2016-08-17,0.3,배당소득세(해외주식투자전용ETF),해외,주식,MSCI World,실물(패시브),삼성자산운용,300267450000.0,1131076632.284,제외,True,False,2023,2023-12-28
468380,KODEX iShares미국하이일드액티브,2023-10-19,0.15,배당소득세(보유기간과세),해외,채권,ICE BofAML US HY Constrained Index(Total Return),실물(액티브),삼성자산운용,80296710000.0,2510560840.36,제외,True,False,2023,2023-12-28
471230,KODEX 국고채10년액티브,2023-11-14,0.015,배당소득세(보유기간과세),국내,채권,KAP 국고채 10년 지수(TR),실물(액티브),삼성자산운용,730097500000.0,8611280299.21875,국내채권_국고채장기,True,False,2023,2023-12-28
439870,KODEX 국고채30년액티브,2022-08-23,0.05,배당소득세(보유기간과세),국내,채권,KAP 국고채 30년 총수익 지수,실물(액티브),삼성자산운용,384702504000.0,1206377256.324,국내채권_국고채장기,True,False,2023,2023-12-28
273140,KODEX 단기변동금리부채권액티브,2017-06-29,0.15,배당소득세(보유기간과세),국내,채권,KAP 단기변동금리부은행채권지수,실물(액티브),삼성자산운용,292078776000.0,9259702546.26,무위험(현금성),True,False,2023,2023-12-28
379800,KODEX 미국S&P500,2021-04-09,0.006,배당소득세(보유기간과세),해외,주식,S&P 500,실물(패시브),삼성자산운용,5001639750000.0,3046514118.288,미국주식_SP500,True,False,2023,2023-12-28
449180,KODEX 미국S&P500(H),2022-12-02,0.009,배당소득세(보유기간과세),해외,주식,S&P 500,실물(패시브),삼성자산운용,589729200000.0,1536621131.088,미국주식_SP500,True,True,2023,2023-12-28
379810,KODEX 미국나스닥100,2021-04-09,0.006,배당소득세(보유기간과세),해외,주식,NASDAQ 100,실물(패시브),삼성자산운용,3732728400000.0,2591377572.144,미국주식_나스닥,True,False,2023,2023-12-28
449190,KODEX 미국나스닥100(H),2022-12-02,0.009,배당소득세(보유기간과세),해외,주식,NASDAQ 100,실물(패시브),삼성자산운용,358381800000.0,1123564763.052,미국주식_나스닥,True,True,2023,2023-12-28
441640,KODEX 미국배당커버드콜액티브,2022-09-27,0.19,배당소득세(보유기간과세),해외,주식,S&P 500,실물(액티브),삼성자산운용,968898000000.0,2789834513.188,미국주식_SP500,False,False,2023,2023-12-28
314250,KODEX 미국빅테크10(H),2019-01-10,0.45,배당소득세(보유기간과세),해외,주식,NYSE U.S. Big TECH 10 INDEX,실물(패시브),삼성자산운용,406458660000.0,3294996482.352,제외,True,True,2023,2023-12-28
473460,KODEX 미국서학개미,2023-12-27,0.25,배당소득세(보유기간과세),해외,주식,iSelect 서학개미 지수(PR),실물(패시브),삼성자산운용,112251500000.0,1688552670.0,제외,True,False,2023,2023-12-28
244580,KODEX 바이오,2016-05-13,0.45,비과세,국내,주식,FnGuide 바이오 지수,실물(패시브),삼성자산운용,195453120000.0,2787517817.34,제외,True,False,2023,2023-12-28
091160,KODEX 반도체,2006-06-27,0.45,비과세,국내,주식,KRX 반도체,실물(패시브),삼성자산운용,1503601500000.0,12996932876.852,제외,True,False,2023,2023-12-28
325020,KODEX 배당가치,2019-05-31,0.3,비과세,국내,주식,FnGuide SLV 배당가치 지수,실물(패시브),삼성자산운용,81919200000.0,1119733749.984,제외,True,False,2023,2023-12-28
102780,KODEX 삼성그룹,2008-05-21,0.25,비과세,국내,주식,삼성그룹,실물(패시브),삼성자산운용,1194512800000.0,2733721546.728,제외,True,False,2023,2023-12-28
091170,KODEX 은행,2006-06-27,0.3,비과세,국내,주식,KRX 은행,실물(패시브),삼성자산운용,177223200000.0,2209923254.552,제외,True,False,2023,2023-12-28
453810,KODEX 인도Nifty50,2023-04-21,0.19,배당소득세(보유기간과세),해외,주식,Nifty 50 Index,실물(패시브),삼성자산운용,351055000000.0,2312032198.970414,신흥국_인도,True,False,2023,2023-12-28
091180,KODEX 자동차,2006-06-27,0.45,비과세,국내,주식,KRX 자동차,실물(패시브),삼성자산운용,317710500000.0,4567430514.876,제외,True,False,2023,2023-12-28
273130,KODEX 종합채권(AA-이상)액티브,2017-06-29,0.045,배당소득세(보유기간과세),국내,채권,KAP 한국종합채권지수,실물(액티브),삼성자산운용,3868360628000.0,1559873210.732,국내채권_종합,True,False,2023,2023-12-28
283580,KODEX 차이나CSI300,2017-12-13,0.12,배당소득세(해외주식투자전용ETF),해외,주식,CSI 300 Index,실물(패시브),삼성자산운용,163134400000.0,1832611319.684,신흥국_중국,True,False,2023,2023-12-28
372330,KODEX 차이나항셍테크,2020-12-16,0.12,배당소득세(보유기간과세),해외,주식,Hang Seng TECH Index,실물(패시브),삼성자산운용,102540900000.0,2556764210.64,신흥국_중국,True,False,2023,2023-12-28
229200,KODEX 코스닥150,2015-10-01,0.25,비과세,국내,주식,코스닥 150,실물(패시브),삼성자산운용,4397424000000.0,111849168263.656,국내주식_코스닥,True,False,2023,2023-12-28
226490,KODEX 코스피,2015-08-24,0.15,비과세,국내,주식,코스피,실물(패시브),삼성자산운용,376070400000.0,4181414779.02,국내주식_코스피,True,False,2023,2023-12-28
266420,KODEX 헬스케어,2017-03-28,0.09,비과세,국내,주식,KRX 헬스케어,실물(패시브),삼성자산운용,57829800000.0,1431146183.992,제외,True,False,2023,2023-12-28
069500,KODEX 200,2002-10-14,0.15,비과세,국내,주식,코스피 200,실물(패시브),삼성자산운용,7576183750000.0,195880137901.116,국내주식_코스피,True,False,2023,2023-12-28
214980,KODEX 단기채권PLUS,2015-03-03,0.15,배당소득세(보유기간과세),국내,채권,KRW Cash PLUS 지수(총수익),실물(패시브),삼성자산운용,1958669832000.0,33125228244.364,무위험(현금성),True,False,2023,2023-12-28
153130,KODEX 단기채권,2012-02-22,0.15,배당소득세(보유기간과세),국내,채권,KRW Cash 지수(총수익),실물(패시브),삼성자산운용,732218634000.0,57897319781.008,무위험(현금성),True,False,2023,2023-12-28
295040,SOL 200TR,2018-04-23,0.05,배당소득세(보유기간과세),국내,주식,코스피 200 TR,실물(패시브),신한자산운용,176289750000.0,1100494527.7,국내주식_코스피,True,False,2023,2023-12-28
455860,SOL 2차전지소부장Fn,2023-04-25,0.45,비과세,국내,주식,FnGuide 2차전지 소부장 지수(PR),실물(패시브),신한자산운용,222229000000.0,13712410069.383234,제외,True,False,2023,2023-12-28
455850,SOL AI반도체소부장,2023-04-25,0.45,비과세,국내,주식,FnGuide AI 반도체 소부장 지수,실물(패시브),신한자산운용,549108750000.0,14946258779.15569,제외,True,False,2023,2023-12-28
473330,SOL 미국30년국채커버드콜(합성),2023-12-27,0.25,배당소득세(보유기간과세),해외,채권,KEDI 미국 국채 20년+ 커버드콜 지수(NTR),합성(패시브),신한자산운용,294202700000.0,4889024815.0,해외채권_미국국채,False,False,2023,2023-12-28
446720,SOL 미국배당다우존스,2022-11-15,0.01,배당소득세(보유기간과세),해외,주식,Dow Jones U.S. Dividend 100 Price Return Index,실물(패시브),신한자산운용,628149600000.0,4340728433.732,제외,True,False,2023,2023-12-28
466920,SOL 조선TOP3플러스,2023-10-05,0.45,비과세,국내,주식,FnGuide 조선TOP3플러스지수(PR),실물(패시브),신한자산운용,506926200000.0,2532823401.644068,제외,True,False,2023,2023-12-28
452360,SOL 미국배당다우존스(H),2023-03-21,0.05,배당소득세(보유기간과세),해외,주식,Dow Jones U.S. Dividend 100 Price Return Index,실물(패시브),신한자산운용,167310000000.0,2662168942.265625,제외,True,True,2023,2023-12-28
148070,KIWOOM 국고채10년,2011-10-20,0.05,배당소득세(보유기간과세),국내,채권,KIS 10년 국고채 지수 (총수익),실물(패시브),키움투자자산운용,447168051000.0,1841840505.784,국내채권_국고채장기,True,False,2023,2023-12-28
294400,KIWOOM 200TR,2018-04-23,0.012,배당소득세(보유기간과세),국내,주식,코스피 200 TR,실물(패시브),키움투자자산운용,661594000000.0,17430337883.52,국내주식_코스피,True,False,2023,2023-12-28
464240,KIWOOM 26-09회사채(AA-이상)액티브,2023-08-17,0.07,배당소득세(보유기간과세),국내,채권,KIS 2609 만기형 크레딧 종합채권 지수(AA-이상)(총수익지수),실물(액티브),키움투자자산운용,173985900000.0,1018883931.2222222,국내채권_종합,False,False,2023,2023-12-28
200250,KIWOOM 인도Nifty50(합성),2014-06-26,0.29,배당소득세(보유기간과세),해외,주식,Nifty 50 Index,합성(패시브),키움투자자산운용,195255000000.0,2203616211.86,제외,True,False,2023,2023-12-28
130730,KIWOOM 단기자금,2010-07-29,0.05,배당소득세(보유기간과세),국내,채권,MK 머니마켓 지수(총수익),실물(패시브),키움투자자산운용,139551309000.0,8220236364.6,무위험(현금성),True,False,2023,2023-12-28
419890,KIWOOM 단기채권ESG액티브,2022-03-03,0.15,배당소득세(보유기간과세),국내,채권,KIS ESG 9M~1.5Y,실물(액티브),키움투자자산운용,65477940000.0,4378948210.392,무위험(현금성),True,False,2023,2023-12-28
473440,ACE 11월만기자동연장회사채AA-이상액티브,2023-12-19,0.05,배당소득세(보유기간과세),국내,채권,KIS 11월 만기자동연장회사채(AA-이상) 총수익지수,실물(액티브),한국투자신탁운용,81303000000.0,3292401364.571429,국내채권_회사채,True,False,2023,2023-12-28
105190,ACE 200,2008-09-25,0.017,비과세,국내,주식,코스피 200,실물(패시브),한국투자신탁운용,549470250000.0,1831098297.564,국내주식_코스피,True,False,2023,2023-12-28
446770,ACE 글로벌반도체TOP4 Plus,2022-11-15,0.45,배당소득세(보유기간과세),해외,주식,Solactive Global Semiconductor TOP4 Plus Price Return Index,실물(패시브),한국투자신탁운용,299857350000.0,1589211510.464,제외,True,False,2023,2023-12-28
190620,ACE 단기통안채,2013-12-23,0.07,배당소득세(보유기간과세),국내,채권,KIS MSB 단기지수(총수익),실물(패시브),한국투자신탁운용,220791712000.0,71658452624.564,무위험(현금성),True,False,2023,2023-12-28
453850,ACE 미국30년국채액티브(H),2023-03-14,0.05,배당소득세(보유기간과세),해외,채권,Bloomberg U.S Treasury 20+ Year Total Return Index,실물(액티브),한국투자신탁운용,2061295200000.0,6523862530.167513,해외채권_미국국채,True,True,2023,2023-12-28
360200,ACE 미국S&P500,2020-08-07,0.004,배당소득세(보유기간과세),해외,주식,S&P 500,실물(패시브),한국투자신탁운용,2088470300000.0,2806196722.84,미국주식_SP500,True,False,2023,2023-12-28
367380,ACE 미국나스닥100,2020-10-29,0.006,배당소득세(보유기간과세),해외,주식,NASDAQ 100,실물(패시브),한국투자신탁운용,1647085200000.0,1872739668.932,미국주식_나스닥,True,False,2023,2023-12-28
402970,ACE 미국배당다우존스,2021-10-21,0.01,배당소득세(보유기간과세),해외,주식,Dow Jones U.S. Dividend 100 Price Return Index,실물(패시브),한국투자신탁운용,556187700000.0,3688433280.972,제외,True,False,2023,2023-12-28
465580,ACE 미국빅테크TOP7 Plus,2023-09-12,0.3,배당소득세(보유기간과세),해외,주식,Solactive US Big Tech Top 7 Plus Price Return Index,실물(패시브),한국투자신탁운용,485413050000.0,8926763753.875,제외,True,False,2023,2023-12-28
448540,ACE 엔비디아채권혼합,2022-11-29,0.07,배당소득세(보유기간과세),국내&해외,혼합자산,Bloomberg Blended NVIDIA Equity and Korean Bond Index,실물(패시브),한국투자신탁운용,143172000000.0,1115964545.076,제외,True,False,2023,2023-12-28
457480,ACE 테슬라밸류체인액티브,2023-05-16,0.29,배당소득세(보유기간과세),해외,주식,Bloomberg EV Supporters Plus Tesla Price Return Index,실물(액티브),한국투자신탁운용,642973100000.0,6489769153.331169,제외,True,False,2023,2023-12-28
469170,ACE 포스코그룹포커스,2023-10-17,0.3,비과세,국내,주식,FnGuide 포스코그룹포커스 지수(시장가격),실물(패시브),한국투자신탁운용,134814800000.0,8124171463.692307,제외,True,False,2023,2023-12-28
152100,PLUS 200,2012-01-10,0.017,비과세,국내,주식,코스피 200,실물(패시브),한화자산운용,523839300000.0,6045069715.284,국내주식_코스피,True,False,2023,2023-12-28
449450,PLUS K방산,2023-01-05,0.45,비과세,국내,주식,FnGuide K-방위산업 지수,실물(패시브),한화자산운용,271222990000.0,2050591858.8347108,제외,True,False,2023,2023-12-28
161510,PLUS 고배당주,2012-08-29,0.23,비과세,국내,주식,FnGuide 배당주 지수,실물(패시브),한화자산운용,1109422380000.0,1883075700.216,제외,True,False,2023,2023-12-28
328370,PLUS 코스피TR,2019-06-25,0.15,배당소득세(보유기간과세),국내,주식,코스피 TR,실물(패시브),한화자산운용,51957750000.0,2033793974.2,국내주식_코스피,True,False,2023,2023-12-28
361580,RISE 200TR,2020-08-21,0.012,배당소득세(보유기간과세),국내,주식,코스피 200 TR,실물(패시브),케이비자산운용,153729000000.0,1415397308.44,국내주식_코스피,True,False,2024,2024-12-30
475720,RISE 200위클리커버드콜,2024-03-05,0.3,배당소득세(보유기간과세),국내,주식,코스피 200 위클리 커버드콜 ATM 지수,실물(패시브),케이비자산운용,432097800000.0,3988362675.1039605,국내주식_코스피,False,False,2024,2024-12-30
148020,RISE 200,2011-10-20,0.017,비과세,국내,주식,코스피 200,실물(패시브),케이비자산운용,1209638400000.0,23180236645.328,국내주식_코스피,True,False,2024,2024-12-30
465330,RISE 2차전지TOP10,2023-09-12,0.07,비과세,국내,주식,iSelect 2차전지 TOP10 지수(PR),실물(패시브),케이비자산운용,56534600000.0,3323036133.828,제외,True,False,2024,2024-12-30
422420,RISE 2차전지액티브,2022-04-08,0.35,배당소득세(보유기간과세),국내,주식,iSelect 2차전지 지수 (시장가격지수),실물(액티브),케이비자산운용,179905320000.0,2417863529.512,제외,True,False,2024,2024-12-30
469070,RISE AI&로봇,2023-10-24,0.4,비과세,국내,주식,iSelect AI&로봇 지수(시장가격),실물(패시브),케이비자산운용,271182500000.0,1215405974.584,제외,True,False,2024,2024-12-30
385560,RISE KIS국고채30년Enhanced,2021-05-26,0.05,배당소득세(보유기간과세),국내,채권,KIS 국고채30년Enhanced지수(시장가격),실물(패시브),케이비자산운용,872286525000.0,3467613443.88,국내채권_국고채장기,True,False,2024,2024-12-30
481430,RISE 국고채10년액티브,2024-05-21,0.012,배당소득세(보유기간과세),국내,채권,KAP 국고채 10년 지수(총수익),실물(액티브),케이비자산운용,121290960000.0,2758417758.384106,국내채권_국고채장기,True,False,2024,2024-12-30
442320,RISE 글로벌원자력,2022-10-13,0.4,배당소득세(보유기간과세),해외,주식,iSelect 글로벌원자력 지수(시장가격),실물(패시브),케이비자산운용,145755740000.0,1672661199.44,제외,True,False,2024,2024-12-30
461490,RISE 글로벌자산배분액티브,2023-06-27,0.01,배당소득세(보유기간과세),해외,혼합자산,Bloomberg Multi-Asset Weighted (KRW ETFs) 지수(시장가격),실물(액티브),케이비자산운용,329646100000.0,1449064900.856,제외,True,False,2024,2024-12-30
196230,RISE 단기통안채,2014-05-19,0.13,배당소득세(보유기간과세),국내,채권,KIS 통안채 5개월 지수(총수익),실물(패시브),케이비자산운용,282841930000.0,4378643341.596,무위험(현금성),True,False,2024,2024-12-30
455890,RISE 머니마켓액티브,2023-05-09,0.05,배당소득세(보유기간과세),국내,채권,KIS 시가평가 MMF 지수 (총수익지수),실물(액티브),케이비자산운용,2826644380000.0,9040850221.872,무위험(현금성),True,False,2024,2024-12-30
472870,RISE 미국30년국채엔화노출(합성 H),2023-12-27,0.15,배당소득세(보유기간과세),해외,채권,KIS 미국채30년 엔화노출 지수(USD/JPY 헤지)(총수익지수),합성(패시브),케이비자산운용,315634600000.0,8530435326.926829,해외채권_미국국채,False,True,2024,2024-12-30
490590,RISE 미국AI밸류체인데일리고정커버드콜,2024-10-02,0.25,배당소득세(보유기간과세),해외,주식,KEDI 미국 AI밸류체인 90%참여+데일리옵션 프리미엄 지수(TR),실물(패시브),케이비자산운용,326322500000.0,1056760960.2786885,제외,False,False,2024,2024-12-30
379780,RISE 미국S&P500,2021-04-09,0.004,배당소득세(보유기간과세),해외,주식,S&P 500,실물(패시브),케이비자산운용,1166654000000.0,3732435484.924,미국주식_SP500,True,False,2024,2024-12-30
368590,RISE 미국나스닥100,2020-11-06,0.006,배당소득세(보유기간과세),해외,주식,NASDAQ 100,실물(패시브),케이비자산운용,1080288000000.0,5279725449.864,미국주식_나스닥,True,False,2024,2024-12-30
490600,RISE 미국배당100데일리고정커버드콜,2024-09-24,0.25,배당소득세(보유기간과세),해외,주식,KEDI 미국 배당100 90%참여+데일리옵션 프리미엄 지수(총수익지수),실물(패시브),케이비자산운용,112732200000.0,2192411679.257576,제외,False,False,2024,2024-12-30
491620,RISE 미국테크100데일리고정커버드콜,2024-10-02,0.25,배당소득세(보유기간과세),해외,주식,KEDI 미국 테크100 90%참여+데일리옵션 프리미엄 지수(TR),실물(패시브),케이비자산운용,302564500000.0,1103592973.6557376,제외,False,False,2024,2024-12-30
495050,RISE 코리아밸류업,2024-11-04,0.008,비과세,국내,주식,코리아 밸류업 지수,실물(패시브),케이비자산운용,266917200000.0,3252297812.825,제외,True,False,2024,2024-12-30
270810,RISE 코스닥150,2017-06-16,0.02,비과세,국내,주식,코스닥 150,실물(패시브),케이비자산운용,288950200000.0,1364047132.116,국내주식_코스닥,True,False,2024,2024-12-30
293180,HANARO 200,2018-03-30,0.036,비과세,국내,주식,코스피 200,실물(패시브),엔에이치아문디자산운용,165653250000.0,3305197191.06,국내주식_코스피,True,False,2024,2024-12-30
395270,HANARO Fn K-반도체,2021-07-30,0.45,비과세,국내,주식,FnGuide K-반도체 지수,실물(패시브),엔에이치아문디자산운용,529102500000.0,4007107983.988,제외,True,False,2024,2024-12-30
486830,HANARO 머니마켓액티브,2024-07-16,0.04,배당소득세(보유기간과세),국내,채권,KIS-NH Amundi MMF지수,실물(액티브),엔에이치아문디자산운용,58377600000.0,1138495997.7410715,무위험(현금성),True,False,2024,2024-12-30
434730,HANARO 원자력iSelect,2022-06-28,0.45,비과세,국내,주식,iSelect 원자력지수 (시장가격),실물(패시브),엔에이치아문디자산운용,211816800000.0,1980577738.372,제외,True,False,2024,2024-12-30
102110,TIGER 200,2008-04-03,0.05,비과세,국내,주식,코스피 200,실물(패시브),미래에셋자산운용,2744540200000.0,56769497661.072,국내주식_코스피,True,False,2024,2024-12-30
480260,TIGER 27-04회사채(A+이상)액티브,2024-04-23,0.1,배당소득세(보유기간과세),국내,채권,KIS 회사채2704만기형 지수 (총수익 지수),실물(액티브),미래에셋자산운용,592508956000.0,1184365652.875,국내채권_회사채,False,False,2024,2024-12-30
364980,TIGER 2차전지TOP10,2020-10-07,0.4,비과세,국내,주식,KRX 2차전지 TOP 10 지수,실물(패시브),미래에셋자산운용,548289250000.0,21989276342.072,제외,True,False,2024,2024-12-30
462010,TIGER 2차전지소재Fn,2023-07-13,0.39,비과세,국내,주식,FnGuide 2차전지소재 (Price Return) 지수,실물(패시브),미래에셋자산운용,452950300000.0,12687469353.164,제외,True,False,2024,2024-12-30
305540,TIGER 2차전지테마,2018-09-12,0.44,비과세,국내,주식,WISE 2차전지 테마 지수,실물(패시브),미래에셋자산운용,801858000000.0,16699919661.46,제외,True,False,2024,2024-12-30
471760,TIGER AI반도체핵심공정,2023-11-21,0.45,비과세,국내,주식,iSelect AI반도체핵심공정지수,실물(패시브),미래에셋자산운용,84476700000.0,13313132516.652,제외,True,False,2024,2024-12-30
310970,TIGER MSCI Korea TR,2018-11-20,0.12,배당소득세(보유기간과세),국내,주식,MSCI Korea TR Index,실물(패시브),미래에셋자산운용,1502136000000.0,5134023106.78,제외,True,False,2024,2024-12-30
272580,TIGER 단기채권액티브,2017-06-29,0.06,배당소득세(보유기간과세),국내,채권,KIS MSB 6M PLUS 지수,실물(액티브),미래에셋자산운용,754135200000.0,1054250418.464,무위험(현금성),True,False,2024,2024-12-30
157450,TIGER 단기통안채,2012-05-16,0.07,배당소득세(보유기간과세),국내,채권,KIS MSB 6M(총수익),실물(패시브),미래에셋자산운용,1290318078000.0,1788194588.46,무위험(현금성),True,False,2024,2024-12-30
329200,TIGER 리츠부동산인프라,2019-07-19,0.08,비과세,국내,부동산,FnGuide 리츠부동산인프라,실물(패시브),미래에셋자산운용,1304206200000.0,4465364117.644,제외,True,False,2024,2024-12-30
458250,TIGER 미국30년국채스트립액티브(합성 H),2023-05-31,0.15,배당소득세(보유기간과세),해외,채권,ICE BofA Long US Treasury Principal STRIPS Index,합성(액티브),미래에셋자산운용,598971500000.0,10039646028.38,해외채권_미국국채,False,True,2024,2024-12-30
490090,TIGER 미국AI빅테크10,2024-08-27,0.3,배당소득세(보유기간과세),해외,주식,KEDI 미국AI빅테크10 지수(PR),실물(패시브),미래에셋자산운용,171122900000.0,3695223993.951807,제외,True,False,2024,2024-12-30
493810,TIGER 미국AI빅테크10타겟데일리커버드콜,2024-10-15,0.25,배당소득세(보유기간과세),해외,주식,KEDI 미국AI빅테크10+15%데일리프리미엄 지수(TR),실물(패시브),미래에셋자산운용,213499500000.0,4242028537.648148,제외,False,False,2024,2024-12-30
488500,TIGER 미국S&P500동일가중,2024-07-23,0.2,배당소득세(보유기간과세),해외,주식,S&P 500 Equal Weight Index(PR),실물(패시브),미래에셋자산운용,101008050000.0,4602693699.7663555,제외,False,False,2024,2024-12-30
360750,TIGER 미국S&P500,2020-08-07,0.006,배당소득세(보유기간과세),해외,주식,S&P 500,실물(패시브),미래에셋자산운용,13675965000000.0,69259376093.372,미국주식_SP500,True,False,2024,2024-12-30
448290,TIGER 미국S&P500(H),2022-11-25,0.07,배당소득세(보유기간과세),해외,주식,S&P 500,실물(패시브),미래에셋자산운용,418420800000.0,1838640859.924,미국주식_SP500,True,True,2024,2024-12-30
448300,TIGER 미국나스닥100(H),2022-11-25,0.006,배당소득세(보유기간과세),해외,주식,NASDAQ 100,실물(패시브),미래에셋자산운용,276798300000.0,2448598084.368,미국주식_나스닥,True,True,2024,2024-12-30
441680,TIGER 미국나스닥100커버드콜(합성),2022-09-22,0.37,배당소득세(보유기간과세),해외,주식,Cboe Nasdaq-100 BuyWrite V2 지수 (Total Return),합성(패시브),미래에셋자산운용,309147850000.0,4498692390.14,제외,False,False,2024,2024-12-30
329750,TIGER 미국달러단기채권액티브,2019-07-24,0.3,배당소득세(보유기간과세),해외,채권,KIS U.S. TREASURY BOND 0-1Y 지수(총수익),실물(액티브),미래에셋자산운용,515275320000.0,1738392017.82,무위험(현금성),True,False,2024,2024-12-30
494840,TIGER 미국방산TOP10,2024-10-29,0.45,배당소득세(보유기간과세),해외,주식,Mirae Asset US Defense Top 10 Index(PR),실물(패시브),미래에셋자산운용,50263200000.0,1832065641.7727273,제외,True,False,2024,2024-12-30
458730,TIGER 미국배당다우존스,2023-06-20,0.01,배당소득세(보유기간과세),해외,주식,Dow Jones U.S. Dividend 100 Price Return Index,실물(패시브),미래에셋자산운용,2860324700000.0,11071388292.664,제외,True,False,2024,2024-12-30
472170,TIGER 미국테크TOP10채권혼합,2023-12-05,0.25,배당소득세(보유기간과세),국내&해외,혼합자산,FnGuide 미국테크TOP10 채권혼합지수,실물(패시브),미래에셋자산운용,315729900000.0,1180371764.812,제외,True,False,2024,2024-12-30
364970,TIGER 바이오TOP10,2020-10-07,0.4,비과세,국내,주식,KRX 바이오 TOP 10 지수,실물(패시브),미래에셋자산운용,264773400000.0,3868805181.964,제외,True,False,2024,2024-12-30
091230,TIGER 반도체,2006-06-27,0.46,비과세,국내,주식,KRX 반도체,실물(패시브),미래에셋자산운용,269401500000.0,9418824639.632,제외,True,False,2024,2024-12-30
396500,TIGER 반도체TOP10,2021-08-10,0.45,비과세,국내,주식,FnGuide 반도체TOP10 지수,실물(패시브),미래에셋자산운용,2355832800000.0,28332402437.36,제외,True,False,2024,2024-12-30
157490,TIGER 소프트웨어,2012-05-16,0.4,비과세,국내,주식,FnGuide 소프트웨어 지수,실물(패시브),미래에셋자산운용,92972520000.0,1111580287.652,제외,True,False,2024,2024-12-30
466940,TIGER 은행고배당플러스TOP10,2023-10-17,0.3,비과세,국내,주식,FnGuide 은행고배당플러스TOP10 지수(시장가격 지수),실물(패시브),미래에셋자산운용,485432100000.0,7134086710.156,제외,True,False,2024,2024-12-30
453870,TIGER 인도니프티50,2023-04-14,0.19,배당소득세(보유기간과세),해외,주식,Nifty 50 Index,실물(패시브),미래에셋자산운용,406623000000.0,6600989967.416,신흥국_인도,True,False,2024,2024-12-30
241180,TIGER 일본니케이225,2016-03-31,0.29,배당소득세(해외주식투자전용ETF),해외,주식,Nikkei 225,실물(패시브),미래에셋자산운용,299328780000.0,3134429673.252,제외,True,False,2024,2024-12-30
494670,TIGER 조선TOP10,2024-10-22,0.35,비과세,국내,주식,iSelect 조선TOP10 Index(PR),실물(패시브),미래에셋자산운용,347441100000.0,6263320752.918367,제외,True,False,2024,2024-12-30
371160,TIGER 차이나항셍테크,2020-12-16,0.09,배당소득세(보유기간과세),해외,주식,Hang Seng TECH Index,실물(패시브),미래에셋자산운용,809050000000.0,10335543681.276,신흥국_중국,True,False,2024,2024-12-30
292150,TIGER 코리아TOP10,2018-03-30,0.15,비과세,국내,주식,FnGuide TOP10 지수,실물(패시브),미래에셋자산운용,675548800000.0,1803068951.732,제외,True,False,2024,2024-12-30
496080,TIGER 코리아밸류업,2024-11-04,0.008,비과세,국내,주식,코리아 밸류업 지수,실물(패시브),미래에셋자산운용,137602150000.0,24331209341.0,제외,True,False,2024,2024-12-30
232080,TIGER 코스닥150,2015-11-12,0.19,비과세,국내,주식,코스닥 150,실물(패시브),미래에셋자산운용,1215531960000.0,4156333090.688,국내주식_코스닥,True,False,2024,2024-12-30
261070,TIGER 코스닥150바이오테크,2016-12-15,0.4,비과세,국내,주식,코스닥 150 헬스케어,실물(패시브),미래에셋자산운용,55358920000.0,1085859670.216,국내주식_코스닥,True,False,2024,2024-12-30
277630,TIGER 코스피,2017-08-31,0.12,비과세,국내,주식,코스피,실물(패시브),미래에셋자산운용,164109800000.0,1061211179.22,국내주식_코스피,True,False,2024,2024-12-30
447770,TIGER 테슬라채권혼합Fn,2022-11-29,0.25,배당소득세(보유기간과세),국내&해외,혼합자산,FnGuide 테슬라채권혼합 지수,실물(패시브),미래에셋자산운용,604864000000.0,2727261512.004,제외,True,False,2024,2024-12-30
143860,TIGER 헬스케어,2011-07-18,0.4,비과세,국내,주식,KRX 헬스케어,실물(패시브),미래에셋자산운용,149132560000.0,5359117930.812,제외,True,False,2024,2024-12-30
138540,TIGER 현대차그룹플러스,2011-03-10,0.15,비과세,국내,주식,MKF 현대차그룹+ FW,실물(패시브),미래에셋자산운용,317021640000.0,2207287323.42,제외,True,False,2024,2024-12-30
139260,TIGER 200 IT,2011-04-06,0.4,비과세,국내,주식,코스피 200 정보기술,실물(패시브),미래에셋자산운용,294690000000.0,2113392571.68,국내주식_코스피,True,False,2024,2024-12-30
139230,TIGER 200 중공업,2011-04-06,0.34,비과세,국내,주식,코스피 200 중공업,실물(패시브),미래에셋자산운용,110347960000.0,2553567458.896,국내주식_코스피,True,False,2024,2024-12-30
463250,TIGER K방산&우주,2023-07-25,0.45,비과세,국내,주식,iSelect K방산&우주,실물(패시브),미래에셋자산운용,223208200000.0,1042973322.14,제외,True,False,2024,2024-12-30
451530,TIGER 국고채30년스트립액티브,2023-02-01,0.15,배당소득세(보유기간과세),국내,채권,KIS STRIP 30Y Index(총수익지수),실물(액티브),미래에셋자산운용,195212920000.0,2102857341.372,국내채권_국고채장기,False,False,2024,2024-12-30
476550,TIGER 미국30년국채커버드콜액티브(H),2024-02-27,0.39,배당소득세(보유기간과세),해외,채권,KEDI 미국채30년 위클리 커버드콜30 지수(Total Return),실물(액티브),미래에셋자산운용,1043354150000.0,14341412192.694174,해외채권_미국국채,False,True,2024,2024-12-30
482730,TIGER 미국S&P500타겟데일리커버드콜,2024-05-21,0.25,배당소득세(보유기간과세),해외,주식,S&P500 10% Daily Premium Covered Call Index(TR),실물(패시브),미래에셋자산운용,493408300000.0,4169557166.07947,제외,False,False,2024,2024-12-30
486290,TIGER 미국나스닥100타겟데일리커버드콜,2024-06-25,0.25,배당소득세(보유기간과세),해외,주식,NASDAQ 100 Daily Covered Call Target Premium 15% 지수(TR),실물(패시브),미래에셋자산운용,1196999500000.0,12761251203.17323,제외,False,False,2024,2024-12-30
458760,TIGER 미국배당다우존스타겟커버드콜2호,2023-06-20,0.39,배당소득세(보유기간과세),해외,주식,DowJones U.S. Dividend 100 7% Premium Covered Call 지수 (TR),실물(패시브),미래에셋자산운용,631726000000.0,11596707561.192,제외,False,False,2024,2024-12-30
278530,KODEX 200TR,2017-11-21,0.05,배당소득세(보유기간과세),국내,주식,코스피 200 TR,실물(패시브),삼성자산운용,2180250000000.0,3910120228.24,국내주식_코스피,True,False,2024,2024-12-30
494890,KODEX 200액티브,2024-10-29,0.15,배당소득세(보유기간과세),국내,주식,코스피 200,실물(액티브),삼성자산운용,349615800000.0,1785307068.7045455,국내주식_코스피,True,False,2024,2024-12-30
498400,KODEX 200타겟위클리커버드콜,2024-12-03,0.39,배당소득세(보유기간과세),국내,주식,코스피 200 타겟 15% 위클리 커버드콜 지수,실물(패시브),삼성자산운용,1743760800000.0,8762626472.894737,국내주식_코스피,False,False,2024,2024-12-30
305720,KODEX 2차전지산업,2018-09-12,0.45,비과세,국내,주식,FnGuide 2차전지 산업 지수,실물(패시브),삼성자산운용,1422418400000.0,33733939554.044,제외,True,False,2024,2024-12-30
461950,KODEX 2차전지핵심소재10,2023-07-04,0.39,비과세,국내,주식,FnGuide 2차전지핵심소재10 지수,실물(패시브),삼성자산운용,140743650000.0,4508941268.728,제외,True,False,2024,2024-12-30
471990,KODEX AI반도체핵심장비,2023-11-21,0.39,비과세,국내,주식,iSelect AI 반도체핵심장비 지수,실물(패시브),삼성자산운용,150338800000.0,17452967362.868,제외,True,False,2024,2024-12-30
487240,KODEX AI전력핵심설비,2024-07-09,0.39,비과세,국내,주식,iSelect AI 전력핵심설비 지수(Price Return),실물(패시브),삼성자산운용,600754000000.0,12438298159.786325,제외,True,False,2024,2024-12-30
251350,KODEX MSCI선진국,2016-08-17,0.3,배당소득세(해외주식투자전용ETF),해외,주식,MSCI World,실물(패시브),삼성자산운용,408399750000.0,1606335735.6,제외,True,False,2024,2024-12-30
471230,KODEX 국고채10년액티브,2023-11-14,0.015,배당소득세(보유기간과세),국내,채권,KAP 국고채 10년 지수(TR),실물(액티브),삼성자산운용,763589550000.0,4273542033.932,국내채권_국고채장기,True,False,2024,2024-12-30
439870,KODEX 국고채30년액티브,2022-08-23,0.05,배당소득세(보유기간과세),국내,채권,KAP 국고채 30년 총수익 지수,실물(액티브),삼성자산운용,416743464000.0,1102133516.812,국내채권_국고채장기,True,False,2024,2024-12-30
114260,KODEX 국고채3년,2009-07-29,0.15,배당소득세(보유기간과세),국내,채권,MKF 국고채지수(총수익),실물(패시브),삼성자산운용,565970100000.0,1072741491.404,국내채권_국고채단중기,True,False,2024,2024-12-30
498410,KODEX 금융고배당TOP10타겟위클리커버드콜,2024-12-17,0.39,배당소득세(보유기간과세),국내,주식,코스피 200 금융 고배당 TOP 10 타겟 15%분배 위클리 커버드콜 지수,실물(패시브),삼성자산운용,456907000000.0,8539091938.222222,국내주식_코스피,False,False,2024,2024-12-30
488770,KODEX 머니마켓액티브,2024-08-06,0.05,배당소득세(보유기간과세),국내,채권,KAP MMF 지수(TR),실물(액티브),삼성자산운용,7777193180000.0,8927624588.58763,무위험(현금성),True,False,2024,2024-12-30
484790,KODEX 미국30년국채액티브(H),2024-06-18,0.015,배당소득세(보유기간과세),해외,채권,KEDI-KAP 미국 국채 20+ 지수(TR),실물(액티브),삼성자산운용,589735440000.0,7536326659.856061,해외채권_미국국채,True,True,2024,2024-12-30
481060,KODEX 미국30년국채타겟커버드콜(합성 H),2024-04-30,0.25,배당소득세(보유기간과세),해외,채권,Bloomberg U.S.Treasury 20+ Year(TLT)+ 12% Premium Covered Call index(TR),합성(패시브),삼성자산운용,856959350000.0,10916412297.28221,해외채권_미국국채,False,True,2024,2024-12-30
487230,KODEX 미국AI전력핵심인프라,2024-07-09,0.45,배당소득세(보유기간과세),해외,주식,iSelect 미국AI전력핵심인프라 지수(Price Return),실물(패시브),삼성자산운용,900708000000.0,6402400072.478633,제외,True,False,2024,2024-12-30
485540,KODEX 미국AI테크TOP10,2024-06-25,0.3,배당소득세(보유기간과세),해외,주식,KEDI 미국AI테크 TOP10 지수(PR),실물(패시브),삼성자산운용,237108250000.0,5273652182.133859,제외,True,False,2024,2024-12-30
483280,KODEX 미국AI테크TOP10타겟커버드콜,2024-05-28,0.39,배당소득세(보유기간과세),해외,주식,KEDI 미국 AI 테크 TOP10+15%프리미엄 지수(Total Return),실물(패시브),삼성자산운용,449747200000.0,9536267772.986301,제외,False,False,2024,2024-12-30
379800,KODEX 미국S&P500,2021-04-09,0.006,배당소득세(보유기간과세),해외,주식,S&P 500,실물(패시브),삼성자산운용,7204477950000.0,27833765378.452,미국주식_SP500,True,False,2024,2024-12-30
449180,KODEX 미국S&P500(H),2022-12-02,0.009,배당소득세(보유기간과세),해외,주식,S&P 500,실물(패시브),삼성자산운용,725311900000.0,2394370016.204,미국주식_SP500,True,True,2024,2024-12-30
379810,KODEX 미국나스닥100,2021-04-09,0.006,배당소득세(보유기간과세),해외,주식,NASDAQ 100,실물(패시브),삼성자산운용,5438369250000.0,13771219315.54,미국주식_나스닥,True,False,2024,2024-12-30
494300,KODEX 미국나스닥100데일리커버드콜OTM,2024-10-22,0.25,배당소득세(보유기간과세),해외,주식,NASDAQ-100 Daily Covered Call 101 Index(TR),실물(패시브),삼성자산운용,671115900000.0,7349193375.836735,제외,False,False,2024,2024-12-30
449190,KODEX 미국나스닥100(H),2022-12-02,0.009,배당소득세(보유기간과세),해외,주식,NASDAQ 100,실물(패시브),삼성자산운용,445310600000.0,3351856403.772,미국주식_나스닥,True,True,2024,2024-12-30
390390,KODEX 미국반도체,2021-06-30,0.09,배당소득세(보유기간과세),해외,주식,MVIS US Listed Semiconductor 25 Index,실물(패시브),삼성자산운용,506756400000.0,11417159804.1,제외,True,False,2024,2024-12-30
489250,KODEX 미국배당다우존스,2024-08-13,0.009,배당소득세(보유기간과세),해외,주식,Dow Jones U.S. Dividend 100 Price Return Index,실물(패시브),삼성자산운용,435585000000.0,8222998441.304348,제외,True,False,2024,2024-12-30
483290,KODEX 미국배당다우존스타겟커버드콜,2024-05-28,0.39,배당소득세(보유기간과세),해외,주식,Dow Jones U.S. Dividend 100 10% Premium Covered Call Index(Total Return),실물(패시브),삼성자산운용,145115100000.0,3599472440.4383564,제외,False,False,2024,2024-12-30
441640,KODEX 미국배당커버드콜액티브,2022-09-27,0.19,배당소득세(보유기간과세),해외,주식,S&P 500,실물(액티브),삼성자산운용,1302288750000.0,2536888606.5,미국주식_SP500,False,False,2024,2024-12-30
314250,KODEX 미국빅테크10(H),2019-01-10,0.45,배당소득세(보유기간과세),해외,주식,NYSE U.S. Big TECH 10 INDEX,실물(패시브),삼성자산운용,601667940000.0,6631305769.636,제외,True,True,2024,2024-12-30
473460,KODEX 미국서학개미,2023-12-27,0.25,배당소득세(보유기간과세),해외,주식,iSelect 서학개미 지수(PR),실물(패시브),삼성자산운용,223277200000.0,1843404847.4268293,제외,True,False,2024,2024-12-30
244580,KODEX 바이오,2016-05-13,0.45,비과세,국내,주식,FnGuide 바이오 지수,실물(패시브),삼성자산운용,182348160000.0,4096776979.2,제외,True,False,2024,2024-12-30
091160,KODEX 반도체,2006-06-27,0.45,비과세,국내,주식,KRX 반도체,실물(패시브),삼성자산운용,1201281400000.0,18913474301.912,제외,True,False,2024,2024-12-30
102780,KODEX 삼성그룹,2008-05-21,0.25,비과세,국내,주식,삼성그룹,실물(패시브),삼성자산운용,1047151600000.0,3699185286.756,제외,True,False,2024,2024-12-30
091170,KODEX 은행,2006-06-27,0.3,비과세,국내,주식,KRX 은행,실물(패시브),삼성자산운용,227085600000.0,5474569385.208,제외,True,False,2024,2024-12-30
453810,KODEX 인도Nifty50,2023-04-21,0.19,배당소득세(보유기간과세),해외,주식,Nifty 50 Index,실물(패시브),삼성자산운용,425414000000.0,7229289020.632,신흥국_인도,True,False,2024,2024-12-30
091180,KODEX 자동차,2006-06-27,0.45,비과세,국내,주식,KRX 자동차,실물(패시브),삼성자산운용,298373250000.0,9415387187.98,제외,True,False,2024,2024-12-30
434060,KODEX TDF2050액티브 적격,2022-06-30,0.3,배당소득세(보유기간과세),국내&해외,혼합자산,Samsung Korea Target Date 2050 Index (Price Return),실물(액티브),삼성자산운용,457728000000.0,1118814471.396,제외,True,False,2024,2024-12-30
273130,KODEX 종합채권(AA-이상)액티브,2017-06-29,0.045,배당소득세(보유기간과세),국내,채권,KAP 한국종합채권지수,실물(액티브),삼성자산운용,4079297774000.0,3424278376.644,국내채권_종합,True,False,2024,2024-12-30
372330,KODEX 차이나항셍테크,2020-12-16,0.12,배당소득세(보유기간과세),해외,주식,Hang Seng TECH Index,실물(패시브),삼성자산운용,141430400000.0,2222167779.52,신흥국_중국,True,False,2024,2024-12-30
495850,KODEX 코리아밸류업,2024-11-04,0.008,비과세,국내,주식,코리아 밸류업 지수,실물(패시브),삼성자산운용,215333250000.0,11532735790.575,제외,True,False,2024,2024-12-30
229200,KODEX 코스닥150,2015-10-01,0.25,비과세,국내,주식,코스닥 150,실물(패시브),삼성자산운용,3561812000000.0,125196986922.808,국내주식_코스닥,True,False,2024,2024-12-30
226490,KODEX 코스피,2015-08-24,0.15,비과세,국내,주식,코스피,실물(패시브),삼성자산운용,348134400000.0,4853844905.884,국내주식_코스피,True,False,2024,2024-12-30
475080,KODEX 테슬라커버드콜채권혼합액티브,2024-01-23,0.39,배당소득세(보유기간과세),국내&해외,혼합자산,KEDI 테슬라 인컴 프리미엄 밸런스드 지수(TR),실물(액티브),삼성자산운용,339817600000.0,4712752989.270742,제외,False,False,2024,2024-12-30
476800,KODEX 한국부동산리츠인프라,2024-03-05,0.09,비과세(분리과세부동산ETF),국내,부동산,KRX 부동산리츠인프라 지수,실물(패시브),삼성자산운용,472116600000.0,3737607755.9455447,제외,True,False,2024,2024-12-30
266420,KODEX 헬스케어,2017-03-28,0.09,비과세,국내,주식,KRX 헬스케어,실물(패시브),삼성자산운용,69736800000.0,1664684131.24,제외,True,False,2024,2024-12-30
069500,KODEX 200,2002-10-14,0.15,비과세,국내,주식,코스피 200,실물(패시브),삼성자산운용,6867129250000.0,229710338204.308,국내주식_코스피,True,False,2024,2024-12-30
214980,KODEX 단기채권PLUS,2015-03-03,0.15,배당소득세(보유기간과세),국내,채권,KRW Cash PLUS 지수(총수익),실물(패시브),삼성자산운용,2030635992000.0,10472603082.44,무위험(현금성),True,False,2024,2024-12-30
153130,KODEX 단기채권,2012-02-22,0.15,배당소득세(보유기간과세),국내,채권,KRW Cash 지수(총수익),실물(패시브),삼성자산운용,757312794000.0,1883240899.184,무위험(현금성),True,False,2024,2024-12-30
295040,SOL 200TR,2018-04-23,0.05,배당소득세(보유기간과세),국내,주식,코스피 200 TR,실물(패시브),신한자산운용,159978000000.0,1248427653.0,국내주식_코스피,True,False,2024,2024-12-30
455860,SOL 2차전지소부장Fn,2023-04-25,0.45,비과세,국내,주식,FnGuide 2차전지 소부장 지수(PR),실물(패시브),신한자산운용,101336000000.0,3088451734.644,제외,True,False,2024,2024-12-30
455850,SOL AI반도체소부장,2023-04-25,0.45,비과세,국내,주식,FnGuide AI 반도체 소부장 지수,실물(패시브),신한자산운용,395398750000.0,14644519843.98,제외,True,False,2024,2024-12-30
497880,SOL CD금리&머니마켓액티브,2024-11-26,0.05,배당소득세(보유기간과세),국내,채권,KAP CD&단기자금시장지수(PR),실물(액티브),신한자산운용,225321250000.0,2846377088.5416665,무위험(현금성),True,False,2024,2024-12-30
484880,SOL 금융지주플러스고배당,2024-06-25,0.3,비과세,국내,주식,FnGuide 금융지주플러스고배당 지수(PR),실물(패시브),신한자산운용,184409100000.0,4041506467.913386,제외,True,False,2024,2024-12-30
473330,SOL 미국30년국채커버드콜(합성),2023-12-27,0.25,배당소득세(보유기간과세),해외,채권,KEDI 미국 국채 20년+ 커버드콜 지수(NTR),합성(패시브),신한자산운용,325247450000.0,3791166126.414634,해외채권_미국국채,False,False,2024,2024-12-30
481180,SOL 미국AI소프트웨어,2024-05-14,0.45,배당소득세(보유기간과세),해외,주식,KEDI 미국 AI 소프트웨어지수(PR),실물(패시브),신한자산운용,170263800000.0,2686095402.3806453,제외,True,False,2024,2024-12-30
486450,SOL 미국AI전력인프라,2024-07-16,0.45,배당소득세(보유기간과세),해외,주식,KEDI 미국AI전력인프라 지수(PR),실물(패시브),신한자산운용,155531250000.0,2715764263.339286,제외,True,False,2024,2024-12-30
446720,SOL 미국배당다우존스,2022-11-15,0.01,배당소득세(보유기간과세),해외,주식,Dow Jones U.S. Dividend 100 Price Return Index,실물(패시브),신한자산운용,799297200000.0,4019990436.044,제외,True,False,2024,2024-12-30
490490,SOL 미국배당미국채혼합50,2024-09-24,0.15,배당소득세(보유기간과세),해외,혼합자산,KRX 다우존스 미국배당국채 혼합지수,실물(패시브),신한자산운용,389952000000.0,4537973080.106061,제외,True,False,2024,2024-12-30
481190,SOL 미국테크TOP10,2024-05-21,0.05,배당소득세(보유기간과세),해외,주식,Solactive US Tech TOP 10 Custom Index(PR),실물(패시브),신한자산운용,269235900000.0,3805654871.7350993,제외,True,False,2024,2024-12-30
466920,SOL 조선TOP3플러스,2023-10-05,0.45,비과세,국내,주식,FnGuide 조선TOP3플러스지수(PR),실물(패시브),신한자산운용,818782200000.0,16492945635.7,제외,True,False,2024,2024-12-30
469830,SOL 초단기채권액티브,2023-11-07,0.05,배당소득세(보유기간과세),국내,채권,KAP 단기자금시장지수,실물(액티브),신한자산운용,1032799308000.0,6227179903.448,무위험(현금성),True,False,2024,2024-12-30
452360,SOL 미국배당다우존스(H),2023-03-21,0.05,배당소득세(보유기간과세),해외,주식,Dow Jones U.S. Dividend 100 Price Return Index,실물(패시브),신한자산운용,181911600000.0,2050415848.284,제외,True,True,2024,2024-12-30
474590,WON 반도체밸류체인액티브,2024-01-16,0.31,배당소득세(보유기간과세),국내,주식,FnGuide 반도체 밸류체인 (Price Return) 지수,실물(액티브),우리자산운용,60648000000.0,1415020283.6324787,제외,True,False,2024,2024-12-30
148070,KIWOOM 국고채10년,2011-10-20,0.05,배당소득세(보유기간과세),국내,채권,KIS 10년 국고채 지수 (총수익),실물(패시브),키움투자자산운용,466371378000.0,1863055736.392,국내채권_국고채장기,True,False,2024,2024-12-30
069660,KIWOOM 200,2002-10-14,0.05,비과세,국내,주식,코스피 200,실물(패시브),키움투자자산운용,243851400000.0,3202985353.848,국내주식_코스피,True,False,2024,2024-12-30
294400,KIWOOM 200TR,2018-04-23,0.012,배당소득세(보유기간과세),국내,주식,코스피 200 TR,실물(패시브),키움투자자산운용,599697750000.0,4735889717.78,국내주식_코스피,True,False,2024,2024-12-30
200250,KIWOOM 인도Nifty50(합성),2014-06-26,0.29,배당소득세(보유기간과세),해외,주식,Nifty 50 Index,합성(패시브),키움투자자산운용,233460000000.0,2146523663.44,제외,True,False,2024,2024-12-30
476450,KIWOOM 머니마켓액티브,2024-02-29,0.05,배당소득세(보유기간과세),국내,채권,KIS-키움 MMF지수(총수익지수),실물(액티브),키움투자자산운용,219282350000.0,1990370524.0882354,무위험(현금성),True,False,2024,2024-12-30
453080,KIWOOM 미국나스닥100(H),2023-03-14,0.04,배당소득세(보유기간과세),해외,주식,NASDAQ 100,실물(패시브),키움투자자산운용,55686400000.0,1632644333.624,미국주식_나스닥,True,True,2024,2024-12-30
463290,1Q 단기금융채액티브,2023-08-03,0.08,배당소득세(보유기간과세),국내,채권,MK 머니마켓 지수(총수익),실물(액티브),하나자산운용,237136440000.0,1551370154.588,무위험(현금성),True,False,2024,2024-12-30
479080,1Q 머니마켓액티브,2024-04-02,0.05,배당소득세(보유기간과세),국내,채권,KIS-하나 MMF 지수(총수익),실물(액티브),하나자산운용,910289504000.0,2113129646.6648352,무위험(현금성),True,False,2024,2024-12-30
105190,ACE 200,2008-09-25,0.017,비과세,국내,주식,코스피 200,실물(패시브),한국투자신탁운용,497306250000.0,1768416414.628,국내주식_코스피,True,False,2024,2024-12-30
469150,ACE AI반도체TOP3+,2023-10-17,0.3,비과세,국내,주식,FnGuide AI반도체 TOP3+ 지수,실물(패시브),한국투자신탁운용,153441400000.0,1297375863.78,제외,True,False,2024,2024-12-30
475050,ACE KPOP포커스,2024-01-30,0.3,비과세,국내,주식,iSelect K-POP 포커스지수(시장가격),실물(패시브),한국투자신탁운용,116436750000.0,1387312338.7544644,제외,True,False,2024,2024-12-30
411060,ACE KRX금현물,2021-12-15,0.19,배당소득세(보유기간과세),국내,원자재,KRX 금현물지수,실물(패시브),한국투자신탁운용,2806763000000.0,5065831696.3,원자재_금,True,False,2024,2024-12-30
483340,ACE 구글밸류체인액티브,2024-06-11,0.45,배당소득세(보유기간과세),해외,주식,KEDI 글로벌 AI 클라우드 지수,실물(액티브),한국투자신탁운용,111725250000.0,1992428450.2992702,제외,True,False,2024,2024-12-30
446770,ACE 글로벌반도체TOP4 Plus,2022-11-15,0.45,배당소득세(보유기간과세),해외,주식,Solactive Global Semiconductor TOP4 Plus Price Return Index,실물(패시브),한국투자신탁운용,475723750000.0,7697975741.128,제외,True,False,2024,2024-12-30
487340,ACE 머니마켓액티브,2024-07-09,0.05,배당소득세(보유기간과세),국내,채권,MK-KAP 머니마켓 총수익지수,실물(액티브),한국투자신탁운용,751033800000.0,3635569653.1709404,무위험(현금성),True,False,2024,2024-12-30
476760,ACE 미국30년국채액티브,2024-03-12,0.05,배당소득세(보유기간과세),해외,채권,Bloomberg U.S Treasury 20+ Year Total Return Index,실물(액티브),한국투자신탁운용,281659400000.0,1133767947.0862944,해외채권_미국국채,True,False,2024,2024-12-30
453850,ACE 미국30년국채액티브(H),2023-03-14,0.05,배당소득세(보유기간과세),해외,채권,Bloomberg U.S Treasury 20+ Year Total Return Index,실물(액티브),한국투자신탁운용,1801522800000.0,17885435880.196,해외채권_미국국채,True,True,2024,2024-12-30
476750,ACE 미국30년국채엔화노출액티브(H),2024-03-12,0.15,배당소득세(보유기간과세),해외,채권,Bloomberg U.S. Treasury 20+ Year Total Return Index T1530 JPY Currency Hedged,실물(액티브),한국투자신탁운용,85554000000.0,2239444112.77665,해외채권_미국국채,False,True,2024,2024-12-30
480030,ACE 미국500데일리타겟커버드콜(합성),2024-04-23,0.45,배당소득세(보유기간과세),해외,주식,Bloomberg US 500 Large Cap Premium Decrement 15% Distribution Index,합성(패시브),한국투자신탁운용,133243200000.0,2576085078.803571,제외,False,False,2024,2024-12-30
438080,ACE 미국S&P500미국채혼합50액티브,2022-08-26,0.15,배당소득세(보유기간과세),해외,혼합자산,S&P 500 and Short-Term Treasury 50/50 Blend Index,실물(액티브),한국투자신탁운용,895771800000.0,1263412025.304,제외,True,False,2024,2024-12-30
360200,ACE 미국S&P500,2020-08-07,0.004,배당소득세(보유기간과세),해외,주식,S&P 500,실물(패시브),한국투자신탁운용,2999043900000.0,8669634107.38,미국주식_SP500,True,False,2024,2024-12-30
367380,ACE 미국나스닥100,2020-10-29,0.006,배당소득세(보유기간과세),해외,주식,NASDAQ 100,실물(패시브),한국투자신탁운용,2392890000000.0,8237738560.592,미국주식_나스닥,True,False,2024,2024-12-30
480040,ACE 미국반도체데일리타겟커버드콜(합성),2024-04-23,0.45,배당소득세(보유기간과세),해외,주식,Bloomberg US Listed Semiconductor Premium Decrement 15% Distribution Index,합성(패시브),한국투자신탁운용,68232300000.0,2204741756.529762,제외,False,False,2024,2024-12-30
402970,ACE 미국배당다우존스,2021-10-21,0.01,배당소득세(보유기간과세),해외,주식,Dow Jones U.S. Dividend 100 Price Return Index,실물(패시브),한국투자신탁운용,709267400000.0,3289062739.004,제외,True,False,2024,2024-12-30
480020,ACE 미국빅테크7+데일리타겟커버드콜(합성),2024-04-23,0.45,배당소득세(보유기간과세),해외,주식,Bloomberg US Big Tech Top 7 Plus Premium Decrement 15% Distribution Index,합성(패시브),한국투자신탁운용,152177500000.0,3705887414.952381,제외,False,False,2024,2024-12-30
465580,ACE 미국빅테크TOP7 Plus,2023-09-12,0.3,배당소득세(보유기간과세),해외,주식,Solactive US Big Tech Top 7 Plus Price Return Index,실물(패시브),한국투자신탁운용,883837650000.0,6257245293.324,제외,True,False,2024,2024-12-30
473590,ACE 미국주식베스트셀러,2023-12-27,0.3,배당소득세(보유기간과세),해외,주식,FnGuide 미국 주식 베스트셀러 지수(시장가격지수),실물(패시브),한국투자신탁운용,57446550000.0,1299130054.4837399,제외,True,False,2024,2024-12-30
483320,ACE 엔비디아밸류체인액티브,2024-06-11,0.45,배당소득세(보유기간과세),해외,주식,KEDI 글로벌AI반도체 지수,실물(액티브),한국투자신탁운용,107373600000.0,8094049133.036496,제외,True,False,2024,2024-12-30
448540,ACE 엔비디아채권혼합,2022-11-29,0.07,배당소득세(보유기간과세),국내&해외,혼합자산,Bloomberg Blended NVIDIA Equity and Korean Bond Index,실물(패시브),한국투자신탁운용,214205100000.0,2482340712.18,제외,True,False,2024,2024-12-30
457480,ACE 테슬라밸류체인액티브,2023-05-16,0.29,배당소득세(보유기간과세),해외,주식,Bloomberg EV Supporters Plus Tesla Price Return Index,실물(액티브),한국투자신탁운용,1022860300000.0,14423823963.248,제외,True,False,2024,2024-12-30
469170,ACE 포스코그룹포커스,2023-10-17,0.3,비과세,국내,주식,FnGuide 포스코그룹포커스 지수(시장가격),실물(패시브),한국투자신탁운용,59242400000.0,1882498082.552,제외,True,False,2024,2024-12-30
152100,PLUS 200,2012-01-10,0.017,비과세,국내,주식,코스피 200,실물(패시브),한화자산운용,475935800000.0,11323675565.012,국내주식_코스피,True,False,2024,2024-12-30
449450,PLUS K방산,2023-01-05,0.45,비과세,국내,주식,FnGuide K-방위산업 지수,실물(패시브),한화자산운용,422265090000.0,11381922366.768,제외,True,False,2024,2024-12-30
161510,PLUS 고배당주,2012-08-29,0.23,비과세,국내,주식,FnGuide 배당주 지수,실물(패시브),한화자산운용,1402617300000.0,7881981998.772,제외,True,False,2024,2024-12-30
489030,PLUS 고배당주위클리커버드콜,2024-08-13,0.3,배당소득세(보유기간과세),국내,주식,코스피 고배당 위클리 콜매도 ATM 지수,실물(패시브),한화자산운용,286687800000.0,2179155796.3369565,국내주식_코스피,False,False,2024,2024-12-30
477050,PLUS 머니마켓액티브,2024-03-26,0.05,배당소득세(보유기간과세),국내,채권,KAP 시가평가 MMF 지수(총수익),실물(액티브),한화자산운용,387215322000.0,1405917232.7005348,무위험(현금성),True,False,2024,2024-12-30
421320,PLUS 우주항공&UAM,2022-03-29,0.45,비과세,국내,주식,iSelect 우주항공UAM 지수,실물(패시브),한화자산운용,89413050000.0,1053421072.648,제외,True,False,2024,2024-12-30
